customerID,gender,SeniorCitizen,Partner,Dependents,tenure,PhoneService,InternetService,Contract,PaymentMethod,PaperlessBilling,MonthlyCharges,TotalCharges,Churn
CUST00001,Male,0,Yes,No,49,Yes,Fiber optic,Month-to-month,Credit card,Yes,75.04,3830.43,No
CUST00002,Female,0,No,No,20,Yes,DSL,Month-to-month,Electronic check,Yes,97.13,2074.23,Yes
CUST00003,Female,1,Yes,No,19,Yes,Fiber optic,Month-to-month,Bank transfer,Yes,92.12,1818.01,Yes
CUST00004,Male,0,No,No,9,Yes,DSL,Month-to-month,Credit card,No,79.39,630.21,No
CUST00005,Male,1,No,No,0,Yes,Fiber optic,One year,Credit card,No,52.57,0.0,Yes
CUST00006,Female,0,Yes,Yes,36,Yes,Fiber optic,Month-to-month,Mailed check,No,82.8,2948.14,No
CUST00007,Male,1,Yes,No,72,Yes,Fiber optic,Two year,Bank transfer,Yes,70.12,5054.72,No
CUST00008,Female,0,No,Yes,16,Yes,DSL,Month-to-month,Mailed check,No,63.37,837.07,Yes
CUST00009,Male,0,No,No,32,Yes,DSL,Month-to-month,Electronic check,No,147.01,4753.79,Yes
CUST00010,Male,0,No,No,68,Yes,No,Month-to-month,Electronic check,No,28.91,2094.63,Yes
CUST00011,Female,0,No,No,56,Yes,DSL,One year,Bank transfer,No,98.84,5592.69,No
CUST00012,Female,0,No,No,0,Yes,Fiber optic,Month-to-month,Bank transfer,Yes,47.85,0.0,No
CUST00013,Female,1,No,No,36,Yes,DSL,Month-to-month,Bank transfer,Yes,75.67,2644.68,No
CUST00014,Female,1,Yes,No,10,Yes,DSL,Month-to-month,Credit card,Yes,143.92,1469.19,No
CUST00015,Female,0,No,No,18,Yes,Fiber optic,Two year,Bank transfer,Yes,45.05,795.57,Yes
CUST00016,Female,0,Yes,Yes,17,Yes,Fiber optic,Month-to-month,Mailed check,No,51.73,923.71,No
CUST00017,Female,0,Yes,Yes,44,Yes,DSL,Month-to-month,Mailed check,No,71.51,3206.61,No
CUST00018,Male,0,Yes,No,14,Yes,No,Two year,Credit card,No,48.28,785.11,No
CUST00019,Female,0,Yes,Yes,18,No,DSL,Month-to-month,Credit card,Yes,96.75,1628.29,Yes
CUST00020,Male,0,Yes,No,16,Yes,Fiber optic,Month-to-month,Electronic check,Yes,57.03,934.64,No
CUST00021,Female,0,No,Yes,26,Yes,Fiber optic,Two year,Credit card,Yes,90.31,2311.71,No
CUST00022,Male,0,Yes,Yes,47,Yes,Fiber optic,Month-to-month,Electronic check,No,34.78,1624.8,No
CUST00023,Male,1,Yes,No,29,Yes,Fiber optic,Month-to-month,Credit card,Yes,21.41,707.33,No
CUST00024,Female,0,Yes,Yes,23,Yes,DSL,Month-to-month,Bank transfer,No,65.59,1605.88,Yes
CUST00025,Female,1,No,No,37,Yes,No,Month-to-month,Bank transfer,Yes,28.08,1178.8,Yes
CUST00026,Female,0,No,No,44,Yes,Fiber optic,Two year,Bank transfer,Yes,114.51,5081.0,No
CUST00027,Male,0,No,Yes,1,Yes,No,One year,Bank transfer,No,29.17,18.17,No
CUST00028,Female,0,Yes,No,64,Yes,No,One year,Mailed check,Yes,42.94,2722.87,No
CUST00029,Female,0,No,No,66,Yes,No,Month-to-month,Credit card,No,83.58,5342.8,No
CUST00030,Male,0,No,No,43,Yes,Fiber optic,One year,Bank transfer,Yes,55.58,2523.91,No
CUST00031,Male,1,Yes,No,41,No,Fiber optic,One year,Bank transfer,Yes,29.49,1176.9,No
CUST00032,Male,0,No,No,50,Yes,Fiber optic,Month-to-month,Mailed check,Yes,129.12,6506.59,No
CUST00033,Male,0,Yes,No,32,Yes,Fiber optic,Two year,Electronic check,No,43.95,1474.3,No
CUST00034,Female,0,No,No,26,Yes,Fiber optic,One year,Bank transfer,Yes,66.5,1604.47,Yes
CUST00035,Female,0,No,No,25,Yes,Fiber optic,Two year,Mailed check,No,66.14,1561.17,No
CUST00036,Male,0,Yes,No,11,Yes,DSL,Month-to-month,Bank transfer,No,91.89,1165.49,No
CUST00037,Female,0,No,No,61,Yes,No,Month-to-month,Mailed check,Yes,84.95,5210.99,No
CUST00038,Female,0,Yes,No,23,Yes,DSL,One year,Credit card,No,48.85,1065.49,No
CUST00039,Male,0,Yes,No,20,Yes,No,Two year,Bank transfer,No,62.88,1244.97,No
CUST00040,Female,1,No,No,70,Yes,DSL,Month-to-month,Mailed check,Yes,65.65,4704.12,No
CUST00041,Male,0,No,No,36,Yes,DSL,Month-to-month,Bank transfer,No,92.97,3440.35,No
CUST00042,Female,0,No,Yes,45,Yes,No,Two year,Bank transfer,Yes,39.29,1621.44,No
CUST00043,Female,0,No,Yes,17,Yes,No,Month-to-month,Bank transfer,Yes,128.51,2348.1,No
CUST00044,Male,0,Yes,No,20,Yes,Fiber optic,Month-to-month,Bank transfer,Yes,50.74,1111.41,Yes
CUST00045,Male,0,No,No,53,Yes,No,One year,Credit card,No,71.76,3788.03,No
CUST00046,Female,1,No,No,32,Yes,DSL,Month-to-month,Mailed check,Yes,39.52,1145.47,Yes
CUST00047,Male,0,No,Yes,10,Yes,No,Month-to-month,Mailed check,Yes,35.65,461.9,No
CUST00048,Female,0,No,No,60,Yes,Fiber optic,Month-to-month,Mailed check,No,47.52,2898.84,No
CUST00049,Female,0,No,No,29,Yes,Fiber optic,Two year,Bank transfer,Yes,44.83,1154.29,No
CUST00050,Female,0,No,No,48,Yes,Fiber optic,Month-to-month,Credit card,No,60.4,2875.99,No
CUST00051,Female,0,Yes,No,24,Yes,DSL,One year,Bank transfer,No,44.59,1382.78,No
CUST00052,Male,1,Yes,No,40,Yes,Fiber optic,Two year,Electronic check,Yes,91.48,3660.85,No
CUST00053,Male,0,Yes,No,56,Yes,Fiber optic,One year,Credit card,Yes,50.08,2730.28,No
CUST00054,Male,0,No,No,64,Yes,DSL,Month-to-month,Credit card,No,46.97,2905.23,No
CUST00055,Male,1,No,No,15,Yes,No,Month-to-month,Mailed check,Yes,61.0,1092.21,Yes
CUST00056,Male,0,Yes,No,49,Yes,Fiber optic,Month-to-month,Electronic check,Yes,99.8,4974.98,Yes
CUST00057,Female,1,No,No,66,Yes,DSL,One year,Mailed check,No,78.02,5290.06,No
CUST00058,Male,0,No,Yes,46,Yes,Fiber optic,Two year,Credit card,No,69.21,3208.48,No
CUST00059,Female,0,Yes,Yes,10,No,DSL,One year,Bank transfer,Yes,31.87,444.1,No
CUST00060,Female,0,Yes,No,13,Yes,DSL,Month-to-month,Electronic check,Yes,40.0,435.17,No
CUST00061,Female,0,No,No,14,No,Fiber optic,Month-to-month,Electronic check,No,36.2,523.06,No
CUST00062,Female,1,Yes,No,7,Yes,DSL,Two year,Credit card,Yes,108.59,788.84,No
CUST00063,Male,0,No,Yes,55,Yes,DSL,Month-to-month,Mailed check,Yes,86.86,4915.54,No
CUST00064,Female,0,No,No,70,Yes,Fiber optic,Two year,Bank transfer,No,47.87,3382.78,No
CUST00065,Male,0,No,Yes,37,Yes,DSL,Month-to-month,Mailed check,Yes,56.2,2016.85,Yes
CUST00066,Male,0,Yes,No,43,Yes,Fiber optic,One year,Electronic check,Yes,48.89,2108.68,No
CUST00067,Female,0,No,No,56,Yes,Fiber optic,Two year,Mailed check,Yes,47.2,2475.56,No
CUST00068,Male,1,Yes,No,30,Yes,DSL,Month-to-month,Bank transfer,Yes,84.89,2314.6,Yes
CUST00069,Male,0,Yes,No,34,Yes,Fiber optic,Month-to-month,Mailed check,Yes,63.95,2257.43,No
CUST00070,Male,0,Yes,No,42,Yes,DSL,Two year,Bank transfer,Yes,130.27,5433.87,No
CUST00071,Female,0,Yes,No,22,No,Fiber optic,Month-to-month,Mailed check,Yes,107.01,2328.08,No
CUST00072,Male,0,Yes,No,4,Yes,DSL,Month-to-month,Mailed check,No,108.67,517.77,No
CUST00073,Male,1,No,No,41,Yes,No,Month-to-month,Mailed check,Yes,90.8,3862.5,No
CUST00074,Male,0,Yes,No,60,Yes,DSL,Month-to-month,Mailed check,Yes,60.17,3663.65,No
CUST00075,Female,0,No,No,5,Yes,Fiber optic,One year,Mailed check,Yes,88.74,636.51,No
CUST00076,Male,0,Yes,Yes,15,Yes,DSL,Month-to-month,Bank transfer,Yes,62.23,983.72,No
CUST00077,Male,1,Yes,Yes,19,Yes,DSL,Month-to-month,Mailed check,No,117.65,2265.57,No
CUST00078,Male,0,No,Yes,58,Yes,Fiber optic,Two year,Bank transfer,Yes,83.32,4856.6,No
CUST00079,Female,0,No,No,36,Yes,Fiber optic,Month-to-month,Mailed check,Yes,79.35,2728.05,No
CUST00080,Female,0,No,No,39,Yes,No,Month-to-month,Mailed check,No,75.56,3042.44,No
CUST00081,Female,0,No,No,47,Yes,DSL,One year,Credit card,Yes,120.73,5429.76,No
CUST00082,Male,0,Yes,Yes,20,Yes,DSL,Two year,Credit card,Yes,31.85,578.37,Yes
CUST00083,Male,0,Yes,Yes,52,Yes,Fiber optic,One year,Mailed check,No,123.47,6422.73,No
CUST00084,Female,0,No,No,2,Yes,Fiber optic,Two year,Mailed check,Yes,66.79,54.6,No
CUST00085,Female,0,No,No,8,Yes,No,Month-to-month,Bank transfer,No,32.63,215.86,Yes
CUST00086,Female,0,Yes,No,59,Yes,No,Month-to-month,Electronic check,No,50.94,3189.4,No
CUST00087,Male,0,Yes,No,48,No,No,Two year,Mailed check,No,25.78,1347.84,No
CUST00088,Male,1,No,No,12,Yes,DSL,Two year,Bank transfer,Yes,90.3,1015.02,No
CUST00089,Female,0,No,Yes,32,No,Fiber optic,One year,Bank transfer,No,42.93,1326.8,No
CUST00090,Female,0,Yes,No,3,Yes,Fiber optic,Month-to-month,Electronic check,No,76.72,102.46,Yes
CUST00091,Male,0,Yes,No,49,Yes,DSL,Month-to-month,Electronic check,Yes,103.76,5154.74,No
CUST00092,Female,1,No,No,55,Yes,Fiber optic,Month-to-month,Mailed check,No,53.18,2899.93,Yes
CUST00093,Female,0,Yes,Yes,20,Yes,DSL,Two year,Electronic check,Yes,64.49,1093.15,No
CUST00094,Male,0,Yes,No,25,Yes,DSL,Two year,Bank transfer,No,35.51,897.83,No
CUST00095,Female,1,Yes,No,17,Yes,No,Month-to-month,Credit card,Yes,61.13,1083.11,Yes
CUST00096,Male,0,No,No,28,Yes,DSL,Month-to-month,Mailed check,Yes,144.07,4130.27,No
CUST00097,Male,0,Yes,No,19,Yes,No,Month-to-month,Mailed check,Yes,93.78,1774.48,Yes
CUST00098,Female,0,Yes,Yes,18,Yes,DSL,Month-to-month,Electronic check,No,64.59,1125.35,No
CUST00099,Female,0,Yes,No,31,Yes,DSL,One year,Electronic check,Yes,54.87,1899.6,No
CUST00100,Male,0,No,No,62,Yes,DSL,One year,Bank transfer,Yes,70.81,4390.88,No
CUST00101,Female,0,Yes,Yes,55,Yes,DSL,Month-to-month,Mailed check,Yes,75.64,4232.16,Yes
CUST00102,Male,0,Yes,No,21,Yes,Fiber optic,One year,Bank transfer,No,60.27,1211.72,Yes
CUST00103,Female,0,Yes,No,68,No,DSL,Two year,Bank transfer,Yes,86.84,5974.11,No
CUST00104,Male,1,No,No,15,Yes,Fiber optic,Month-to-month,Credit card,Yes,45.3,533.94,No
CUST00105,Female,0,No,Yes,66,Yes,No,Month-to-month,Electronic check,No,45.17,2935.01,No
CUST00106,Female,0,No,Yes,22,Yes,Fiber optic,Month-to-month,Bank transfer,Yes,82.37,1691.31,No
CUST00107,Female,0,Yes,No,39,Yes,DSL,Month-to-month,Credit card,Yes,39.28,1471.42,No
CUST00108,Female,0,No,No,14,Yes,Fiber optic,Month-to-month,Mailed check,Yes,92.41,1418.79,No
CUST00109,Male,0,Yes,No,55,No,Fiber optic,One year,Electronic check,No,71.6,3876.77,No
CUST00110,Female,0,No,No,23,Yes,Fiber optic,Month-to-month,Mailed check,No,20.82,550.69,No
CUST00111,Male,1,Yes,No,63,Yes,DSL,Month-to-month,Credit card,Yes,75.07,4881.14,No
CUST00112,Female,0,No,No,6,Yes,Fiber optic,Two year,Credit card,Yes,24.82,146.16,No
CUST00113,Female,0,No,Yes,36,Yes,Fiber optic,Month-to-month,Mailed check,Yes,91.41,3390.14,No
CUST00114,Male,1,Yes,Yes,11,Yes,DSL,One year,Electronic check,No,65.04,768.55,No
CUST00115,Female,0,No,Yes,64,Yes,DSL,One year,Mailed check,Yes,123.83,7936.76,No
CUST00116,Female,0,Yes,No,30,Yes,No,Two year,Electronic check,Yes,102.0,3135.03,No
CUST00117,Male,0,Yes,Yes,49,No,DSL,One year,Bank transfer,No,42.3,,No
CUST00118,Male,0,Yes,Yes,64,Yes,DSL,Two year,Credit card,Yes,18.0,1088.27,No
CUST00119,Male,0,No,No,39,Yes,DSL,One year,Electronic check,Yes,50.86,1887.62,No
CUST00120,Male,1,Yes,Yes,4,Yes,Fiber optic,Month-to-month,Bank transfer,Yes,37.8,49.41,No
CUST00121,Male,0,No,Yes,16,Yes,Fiber optic,Month-to-month,Credit card,Yes,123.12,2069.36,No
CUST00122,Female,0,No,No,15,Yes,DSL,Month-to-month,Bank transfer,Yes,71.71,1188.59,No
CUST00123,Female,0,No,No,66,Yes,Fiber optic,Month-to-month,Credit card,No,98.14,6423.54,Yes
CUST00124,Male,1,No,No,66,Yes,Fiber optic,Month-to-month,Electronic check,Yes,64.02,4011.72,Yes
CUST00125,Female,0,Yes,No,34,Yes,DSL,Month-to-month,Bank transfer,Yes,66.97,2209.5,Yes
CUST00126,Female,0,No,Yes,64,Yes,No,Month-to-month,Electronic check,No,71.09,4604.55,No
CUST00127,Male,0,Yes,No,17,Yes,DSL,Month-to-month,Credit card,No,102.98,1743.99,No
CUST00128,Female,0,No,No,49,Yes,DSL,Month-to-month,Mailed check,No,80.73,3973.8,No
CUST00129,Female,0,Yes,No,28,Yes,No,One year,Electronic check,No,42.39,1134.59,Yes
CUST00130,Female,0,No,No,17,No,No,One year,Bank transfer,Yes,117.43,2097.72,No
CUST00131,Female,0,No,No,18,Yes,Fiber optic,Two year,Bank transfer,Yes,63.8,1182.72,No
CUST00132,Female,0,No,No,30,No,No,Month-to-month,Mailed check,Yes,59.25,1836.15,Yes
CUST00133,Male,0,Yes,No,24,Yes,Fiber optic,Two year,Mailed check,Yes,18.0,447.91,No
CUST00134,Female,0,No,Yes,15,Yes,Fiber optic,Two year,Electronic check,No,89.76,1398.84,No
CUST00135,Female,0,Yes,No,24,Yes,No,Month-to-month,Credit card,No,74.83,1841.78,No
CUST00136,Male,0,Yes,No,9,Yes,Fiber optic,Two year,Electronic check,Yes,74.8,580.39,No
CUST00137,Female,0,Yes,No,70,Yes,DSL,Month-to-month,Credit card,Yes,60.72,4287.71,No
CUST00138,Male,0,No,No,27,Yes,Fiber optic,One year,Bank transfer,No,55.89,1588.18,No
CUST00139,Male,0,No,Yes,7,Yes,Fiber optic,Two year,Bank transfer,Yes,61.65,547.06,No
CUST00140,Male,0,No,No,42,Yes,DSL,Month-to-month,Bank transfer,Yes,84.97,3610.35,No
CUST00141,Female,0,Yes,No,64,Yes,No,One year,Credit card,Yes,89.9,5657.07,No
CUST00142,Male,0,Yes,No,26,Yes,Fiber optic,Month-to-month,Electronic check,Yes,65.53,1622.65,No
CUST00143,Male,1,No,No,61,Yes,Fiber optic,Month-to-month,Credit card,Yes,98.57,5969.26,No
CUST00144,Male,0,Yes,Yes,44,Yes,Fiber optic,Month-to-month,Electronic check,No,69.79,3089.71,No
CUST00145,Female,0,Yes,No,53,Yes,Fiber optic,Month-to-month,Credit card,Yes,57.88,3055.42,No
CUST00146,Female,0,No,No,21,No,DSL,Month-to-month,Mailed check,Yes,77.56,1516.39,Yes
CUST00147,Male,0,Yes,No,2,Yes,No,One year,Credit card,No,33.94,0.0,No
CUST00148,Male,0,No,Yes,25,Yes,Fiber optic,Month-to-month,Electronic check,Yes,78.52,1753.15,Yes
CUST00149,Female,0,No,No,67,Yes,Fiber optic,Month-to-month,Mailed check,No,28.82,1618.99,No
CUST00150,Male,1,No,Yes,57,Yes,Fiber optic,One year,Bank transfer,Yes,43.22,2450.36,No
CUST00151,Female,0,No,No,57,Yes,DSL,Month-to-month,Credit card,Yes,18.0,1258.02,No
CUST00152,Male,0,No,No,64,Yes,DSL,Month-to-month,Electronic check,Yes,67.1,4474.08,Yes
CUST00153,Female,0,No,No,27,Yes,Fiber optic,One year,Electronic check,No,117.07,3063.07,No
CUST00154,Male,0,Yes,No,23,Yes,DSL,Two year,Bank transfer,No,68.72,1595.55,No
CUST00155,Male,0,Yes,Yes,67,Yes,Fiber optic,Month-to-month,Electronic check,No,90.02,5884.88,No
CUST00156,Female,0,Yes,No,41,Yes,No,Month-to-month,Credit card,Yes,137.86,5521.05,No
CUST00157,Male,0,No,Yes,21,No,DSL,Two year,Electronic check,Yes,83.31,1629.76,No
CUST00158,Female,1,No,Yes,20,Yes,DSL,Two year,Credit card,No,50.57,988.85,No
CUST00159,Female,0,Yes,No,64,Yes,Fiber optic,Month-to-month,Bank transfer,Yes,54.43,3465.27,No
CUST00160,Female,0,No,Yes,3,Yes,DSL,Month-to-month,Credit card,No,72.02,241.33,No
CUST00161,Female,0,Yes,No,4,Yes,No,Month-to-month,Electronic check,Yes,54.28,283.44,Yes
CUST00162,Female,0,No,No,53,Yes,Fiber optic,One year,Mailed check,Yes,56.37,2953.92,No
CUST00163,Male,0,No,No,0,Yes,DSL,Two year,Mailed check,No,99.59,3.62,Yes
CUST00164,Male,0,No,No,12,No,DSL,One year,Electronic check,Yes,100.73,1099.38,No
CUST00165,Male,1,Yes,No,72,Yes,No,Month-to-month,Electronic check,Yes,25.89,1729.63,No
CUST00166,Female,0,Yes,No,31,Yes,DSL,One year,Mailed check,Yes,49.09,1371.89,No
CUST00167,Male,0,No,Yes,53,Yes,Fiber optic,Two year,Bank transfer,No,59.01,3192.45,No
CUST00168,Male,0,No,Yes,35,Yes,DSL,Month-to-month,Bank transfer,Yes,88.77,,No
CUST00169,Male,0,No,No,6,Yes,DSL,Two year,Electronic check,No,104.01,436.95,Yes
CUST00170,Male,0,Yes,No,13,Yes,No,Month-to-month,Electronic check,No,147.66,1913.27,Yes
CUST00171,Male,0,Yes,Yes,55,Yes,DSL,Month-to-month,Bank transfer,Yes,58.96,3117.92,No
CUST00172,Male,0,Yes,No,6,Yes,DSL,One year,Mailed check,No,60.36,528.2,No
CUST00173,Female,0,No,No,43,Yes,Fiber optic,Month-to-month,Credit card,No,88.48,3746.76,No
CUST00174,Female,1,Yes,No,25,Yes,No,Two year,Mailed check,Yes,52.9,1390.65,No
CUST00175,Female,0,Yes,No,27,Yes,DSL,Month-to-month,Mailed check,No,68.05,1946.25,No
CUST00176,Male,1,Yes,No,69,Yes,DSL,Month-to-month,Electronic check,Yes,60.38,4070.73,No
CUST00177,Female,0,No,No,44,Yes,No,Month-to-month,Mailed check,Yes,18.0,799.6,No
CUST00178,Male,0,No,No,44,Yes,Fiber optic,Month-to-month,Bank transfer,Yes,75.45,3375.15,Yes
CUST00179,Female,0,No,Yes,25,Yes,No,Month-to-month,Mailed check,Yes,66.89,1683.8,No
CUST00180,Female,1,Yes,No,27,Yes,Fiber optic,One year,Bank transfer,Yes,107.59,2941.04,No
CUST00181,Female,0,Yes,Yes,50,Yes,Fiber optic,Month-to-month,Electronic check,Yes,72.15,3474.54,No
CUST00182,Male,1,Yes,No,2,Yes,Fiber optic,Month-to-month,Bank transfer,Yes,36.87,129.14,No
CUST00183,Male,0,Yes,Yes,17,Yes,DSL,One year,Mailed check,Yes,64.77,1052.47,No
CUST00184,Female,0,No,Yes,43,Yes,Fiber optic,Month-to-month,Credit card,Yes,18.0,808.95,No
CUST00185,Male,1,No,Yes,45,Yes,Fiber optic,One year,Mailed check,No,38.09,1806.05,No
CUST00186,Male,0,No,No,6,No,No,Month-to-month,Electronic check,Yes,89.79,605.62,Yes
CUST00187,Male,0,Yes,No,57,Yes,Fiber optic,Month-to-month,Bank transfer,Yes,65.07,3743.86,Yes
CUST00188,Male,0,Yes,Yes,39,Yes,DSL,One year,Electronic check,Yes,97.83,3879.58,Yes
CUST00189,Male,0,No,No,17,Yes,Fiber optic,One year,Credit card,Yes,18.0,374.84,No
CUST00190,Male,0,Yes,No,54,Yes,Fiber optic,Two year,Mailed check,Yes,65.21,3670.89,Yes
CUST00191,Female,0,Yes,No,72,Yes,Fiber optic,Month-to-month,Credit card,Yes,58.69,4222.27,Yes
CUST00192,Female,0,Yes,No,30,Yes,Fiber optic,Month-to-month,Bank transfer,Yes,98.76,2979.2,No
CUST00193,Female,0,Yes,No,20,Yes,Fiber optic,One year,Mailed check,No,90.84,1910.01,No
CUST00194,Male,0,No,Yes,21,Yes,DSL,One year,Bank transfer,Yes,89.98,1840.54,Yes
CUST00195,Female,0,No,Yes,43,Yes,Fiber optic,One year,Electronic check,Yes,115.16,4818.35,No
CUST00196,Male,0,Yes,No,3,Yes,Fiber optic,One year,Electronic check,No,61.69,234.39,No
CUST00197,Male,0,No,Yes,35,Yes,No,One year,Credit card,Yes,109.38,3807.7,No
CUST00198,Male,0,Yes,No,1,Yes,Fiber optic,Month-to-month,Credit card,Yes,42.76,0.0,Yes
CUST00199,Male,0,Yes,No,2,Yes,Fiber optic,One year,Credit card,Yes,41.74,133.53,No
CUST00200,Female,0,Yes,No,31,Yes,Fiber optic,Month-to-month,Mailed check,Yes,93.08,3028.59,Yes
CUST00201,Male,0,No,No,54,Yes,Fiber optic,Month-to-month,Mailed check,Yes,29.87,1450.01,No
CUST00202,Female,0,No,No,64,Yes,DSL,One year,Mailed check,Yes,88.04,5736.79,No
CUST00203,Male,1,No,No,6,Yes,No,Month-to-month,Bank transfer,Yes,74.84,195.33,No
CUST00204,Female,0,Yes,No,17,Yes,No,Month-to-month,Bank transfer,No,102.01,1694.14,Yes
CUST00205,Male,0,Yes,Yes,30,Yes,Fiber optic,Two year,Credit card,Yes,70.34,2294.25,Yes
CUST00206,Male,0,No,Yes,41,Yes,Fiber optic,One year,Credit card,Yes,73.57,2983.54,No
CUST00207,Female,0,Yes,No,72,No,DSL,Month-to-month,Mailed check,Yes,86.26,6219.71,No
CUST00208,Female,0,Yes,Yes,49,Yes,Fiber optic,Two year,Bank transfer,No,53.45,2695.34,No
CUST00209,Male,0,No,No,39,Yes,Fiber optic,Month-to-month,Bank transfer,Yes,52.23,1865.32,No
CUST00210,Female,1,No,No,4,Yes,Fiber optic,One year,Credit card,Yes,85.28,348.33,Yes
CUST00211,Male,0,Yes,No,5,Yes,DSL,Month-to-month,Mailed check,Yes,71.18,362.32,No
CUST00212,Female,0,Yes,No,11,Yes,Fiber optic,Month-to-month,Electronic check,No,60.6,852.83,Yes
CUST00213,Female,1,No,No,48,Yes,DSL,Month-to-month,Mailed check,Yes,69.68,3221.07,No
CUST00214,Male,0,Yes,No,24,Yes,Fiber optic,Month-to-month,Bank transfer,Yes,116.65,2761.45,No
CUST00215,Female,0,Yes,Yes,17,Yes,Fiber optic,Month-to-month,Credit card,Yes,59.6,920.36,No
CUST00216,Male,1,Yes,No,48,Yes,DSL,Month-to-month,Credit card,Yes,58.78,2718.0,No
CUST00217,Male,1,Yes,Yes,59,Yes,Fiber optic,One year,Electronic check,Yes,24.19,1539.95,Yes
CUST00218,Male,0,No,No,32,Yes,No,Month-to-month,Bank transfer,No,70.81,2268.59,No
CUST00219,Male,0,No,No,64,Yes,Fiber optic,Month-to-month,Electronic check,Yes,90.39,5729.4,No
CUST00220,Female,0,No,No,53,Yes,DSL,Two year,Mailed check,No,95.41,5004.95,No
CUST00221,Male,0,Yes,No,52,Yes,Fiber optic,One year,Credit card,No,75.03,3845.24,No
CUST00222,Male,0,Yes,No,63,Yes,DSL,Two year,Credit card,Yes,98.76,6174.5,No
CUST00223,Female,0,No,Yes,13,Yes,Fiber optic,Month-to-month,Electronic check,Yes,92.47,1075.67,Yes
CUST00224,Male,0,Yes,No,55,Yes,Fiber optic,Month-to-month,Electronic check,Yes,103.16,5647.93,No
CUST00225,Female,0,No,No,69,Yes,DSL,One year,Bank transfer,Yes,99.56,6833.72,No
CUST00226,Male,0,No,No,72,Yes,Fiber optic,One year,Mailed check,Yes,115.96,8273.34,No
CUST00227,Female,0,Yes,No,42,Yes,Fiber optic,Month-to-month,Mailed check,Yes,67.25,2840.0,No
CUST00228,Female,0,No,No,55,Yes,Fiber optic,Two year,Credit card,No,34.84,1940.19,No
CUST00229,Female,1,No,Yes,64,Yes,DSL,One year,Credit card,Yes,90.58,5741.46,No
CUST00230,Male,0,Yes,Yes,62,Yes,DSL,One year,Credit card,No,93.86,5804.91,No
CUST00231,Male,0,No,Yes,65,Yes,Fiber optic,Month-to-month,Credit card,Yes,115.96,7753.26,No
CUST00232,Female,0,Yes,No,60,No,DSL,One year,Credit card,Yes,107.88,6684.84,No
CUST00233,Male,0,No,No,27,Yes,Fiber optic,Month-to-month,Bank transfer,Yes,126.47,3309.28,No
CUST00234,Female,0,No,No,53,Yes,DSL,Two year,Credit card,Yes,89.36,4644.64,Yes
CUST00235,Male,0,Yes,No,29,Yes,DSL,Month-to-month,Bank transfer,Yes,78.41,2167.95,Yes
CUST00236,Female,0,No,No,58,Yes,Fiber optic,Month-to-month,Electronic check,Yes,33.22,2032.47,Yes
CUST00237,Female,0,Yes,No,59,Yes,DSL,Month-to-month,Credit card,Yes,80.63,,No
CUST00238,Male,1,No,Yes,68,Yes,Fiber optic,One year,Credit card,Yes,56.53,3868.01,No
CUST00239,Male,0,No,No,42,Yes,DSL,Two year,Mailed check,Yes,77.92,3472.34,No
CUST00240,Female,0,No,Yes,34,Yes,Fiber optic,Two year,Mailed check,Yes,73.53,2498.97,No
CUST00241,Male,0,No,No,12,Yes,Fiber optic,One year,Bank transfer,Yes,85.21,1093.14,No
CUST00242,Female,0,Yes,No,46,Yes,Fiber optic,Two year,Bank transfer,No,69.27,3238.46,No
CUST00243,Male,0,No,No,41,Yes,Fiber optic,One year,Bank transfer,Yes,98.18,3966.56,No
CUST00244,Female,0,Yes,No,37,No,Fiber optic,Month-to-month,Mailed check,Yes,18.0,771.92,No
CUST00245,Female,0,No,Yes,49,Yes,Fiber optic,One year,Credit card,Yes,77.32,3703.71,No
CUST00246,Male,1,Yes,No,62,Yes,DSL,Month-to-month,Credit card,Yes,105.67,6685.53,No
CUST00247,Female,0,No,No,10,Yes,Fiber optic,Month-to-month,Credit card,No,124.36,1184.85,No
CUST00248,Male,0,Yes,No,31,Yes,DSL,Month-to-month,Bank transfer,Yes,92.49,2819.39,No
CUST00249,Female,0,No,No,52,Yes,Fiber optic,Month-to-month,Electronic check,Yes,119.18,6088.51,Yes
CUST00250,Male,1,Yes,No,59,Yes,DSL,Two year,Credit card,Yes,76.73,4434.64,No
CUST00251,Male,0,No,No,56,Yes,No,Two year,Electronic check,Yes,72.08,3993.8,No
CUST00252,Male,0,Yes,No,58,No,Fiber optic,Month-to-month,Electronic check,No,86.82,4792.43,No
CUST00253,Male,1,Yes,No,62,Yes,Fiber optic,One year,Mailed check,No,71.91,4435.09,No
CUST00254,Male,1,Yes,No,70,Yes,Fiber optic,Month-to-month,Electronic check,Yes,50.09,3455.5,No
CUST00255,Female,0,Yes,No,44,Yes,DSL,Month-to-month,Bank transfer,Yes,57.57,2612.08,No
CUST00256,Male,0,No,No,18,Yes,DSL,Month-to-month,Mailed check,Yes,40.86,777.78,No
CUST00257,Female,0,Yes,No,41,Yes,No,Month-to-month,Electronic check,Yes,86.79,3487.63,No
CUST00258,Male,1,Yes,No,51,Yes,Fiber optic,Month-to-month,Electronic check,Yes,72.32,3642.46,No
CUST00259,Male,0,Yes,Yes,7,Yes,DSL,Month-to-month,Electronic check,Yes,61.91,409.91,Yes
CUST00260,Female,0,Yes,Yes,55,Yes,Fiber optic,Month-to-month,Bank transfer,Yes,56.13,3235.75,No
CUST00261,Female,0,No,No,39,Yes,Fiber optic,Month-to-month,Credit card,Yes,86.14,3277.23,No
CUST00262,Male,0,No,No,68,Yes,DSL,Two year,Mailed check,Yes,93.85,6309.82,No
CUST00263,Male,0,Yes,No,15,Yes,Fiber optic,Month-to-month,Electronic check,No,40.35,492.39,No
CUST00264,Female,0,No,Yes,66,No,DSL,Month-to-month,Bank transfer,No,35.94,2223.84,No
CUST00265,Female,0,No,No,32,Yes,DSL,Month-to-month,Credit card,Yes,98.73,3190.06,Yes
CUST00266,Female,1,No,No,41,Yes,Fiber optic,Month-to-month,Electronic check,Yes,33.5,1393.79,No
CUST00267,Male,1,No,No,48,Yes,DSL,Month-to-month,Credit card,Yes,87.33,4320.12,No
CUST00268,Male,0,No,Yes,42,Yes,No,Month-to-month,Electronic check,No,117.27,5029.48,No
CUST00269,Female,0,Yes,No,65,No,Fiber optic,One year,Mailed check,Yes,117.34,7866.81,No
CUST00270,Female,0,No,No,12,Yes,No,One year,Bank transfer,No,92.66,1104.53,No
CUST00271,Male,0,Yes,No,53,No,Fiber optic,One year,Electronic check,Yes,91.85,4842.0,Yes
CUST00272,Male,0,Yes,No,71,Yes,No,One year,Mailed check,Yes,135.05,9458.53,No
CUST00273,Male,1,No,No,16,Yes,Fiber optic,Month-to-month,Electronic check,No,18.0,357.66,Yes
CUST00274,Female,0,Yes,No,18,Yes,Fiber optic,Month-to-month,Electronic check,Yes,59.0,1073.85,No
CUST00275,Male,0,No,No,34,Yes,Fiber optic,Month-to-month,Credit card,Yes,95.76,3320.97,No
CUST00276,Male,1,No,No,52,Yes,No,Month-to-month,Electronic check,No,62.56,3139.21,No
CUST00277,Male,0,No,No,70,Yes,DSL,Month-to-month,Electronic check,No,106.71,7504.86,No
CUST00278,Female,0,Yes,No,58,Yes,Fiber optic,Month-to-month,Electronic check,Yes,70.9,4132.72,No
CUST00279,Male,0,Yes,No,57,Yes,Fiber optic,One year,Electronic check,No,75.69,4328.23,No
CUST00280,Male,0,Yes,No,32,No,Fiber optic,Month-to-month,Bank transfer,No,64.31,1989.59,No
CUST00281,Male,0,No,No,47,Yes,No,Month-to-month,Credit card,Yes,57.37,2815.32,No
CUST00282,Male,0,Yes,No,15,Yes,Fiber optic,One year,Electronic check,Yes,56.68,1055.23,No
CUST00283,Female,1,No,Yes,33,Yes,DSL,Month-to-month,Bank transfer,No,79.59,2515.44,Yes
CUST00284,Male,0,Yes,No,13,Yes,Fiber optic,Two year,Mailed check,No,50.31,726.07,No
CUST00285,Male,0,Yes,Yes,1,Yes,Fiber optic,Two year,Electronic check,Yes,98.69,0.0,No
CUST00286,Female,0,Yes,No,62,Yes,DSL,Two year,Bank transfer,Yes,90.29,5664.84,No
CUST00287,Male,0,Yes,Yes,58,Yes,DSL,Month-to-month,Electronic check,No,102.78,5774.22,No
CUST00288,Female,0,Yes,No,37,Yes,DSL,Month-to-month,Bank transfer,Yes,40.39,1441.93,No
CUST00289,Female,0,Yes,Yes,1,Yes,Fiber optic,One year,Bank transfer,Yes,24.41,0.0,No
CUST00290,Male,0,No,No,6,Yes,No,One year,Bank transfer,No,71.88,409.72,No
CUST00291,Female,0,No,No,8,Yes,Fiber optic,One year,Electronic check,Yes,153.17,1309.24,Yes
CUST00292,Male,1,No,No,52,Yes,DSL,Month-to-month,Mailed check,Yes,107.45,5401.67,No
CUST00293,Female,0,Yes,No,14,No,Fiber optic,Month-to-month,Bank transfer,Yes,56.48,754.77,No
CUST00294,Male,0,Yes,No,18,Yes,No,Month-to-month,Credit card,Yes,83.89,1458.68,Yes
CUST00295,Female,0,No,No,62,Yes,Fiber optic,Month-to-month,Electronic check,No,92.37,5885.04,No
CUST00296,Female,1,No,Yes,63,Yes,DSL,Month-to-month,Mailed check,Yes,33.69,2165.65,No
CUST00297,Female,0,No,No,55,Yes,DSL,Two year,Credit card,Yes,110.35,5951.53,Yes
CUST00298,Male,0,Yes,Yes,22,Yes,No,Month-to-month,Mailed check,Yes,67.31,1433.69,No
CUST00299,Male,0,Yes,No,42,Yes,No,One year,Mailed check,Yes,69.46,3072.93,No
CUST00300,Male,0,No,No,14,Yes,DSL,Two year,Credit card,Yes,72.67,1088.82,No
CUST00301,Male,0,No,No,62,Yes,No,Month-to-month,Credit card,Yes,104.05,6359.28,No
CUST00302,Female,0,No,No,6,Yes,DSL,Month-to-month,Bank transfer,Yes,50.85,278.39,No
CUST00303,Male,0,No,No,54,Yes,DSL,One year,Bank transfer,Yes,24.2,1283.29,No
CUST00304,Female,0,Yes,No,37,Yes,Fiber optic,Month-to-month,Bank transfer,Yes,81.04,2944.68,Yes
CUST00305,Female,1,No,No,55,Yes,Fiber optic,Month-to-month,Mailed check,Yes,18.0,818.98,No
CUST00306,Male,0,No,No,32,Yes,Fiber optic,Two year,Credit card,Yes,63.57,1966.48,No
CUST00307,Male,0,No,No,11,Yes,No,One year,Electronic check,Yes,105.23,1296.45,No
CUST00308,Female,0,No,Yes,54,Yes,No,Two year,Electronic check,Yes,88.21,4725.23,No
CUST00309,Male,0,Yes,Yes,46,Yes,DSL,Two year,Bank transfer,Yes,101.19,4644.41,No
CUST00310,Male,0,No,No,33,Yes,Fiber optic,Month-to-month,Credit card,Yes,89.37,2963.26,Yes
CUST00311,Female,0,Yes,No,27,Yes,Fiber optic,One year,Credit card,No,139.49,3988.04,Yes
CUST00312,Female,1,No,Yes,25,Yes,Fiber optic,One year,Bank transfer,Yes,55.53,1389.14,Yes
CUST00313,Male,1,Yes,Yes,35,Yes,No,One year,Mailed check,No,83.15,3019.64,Yes
CUST00314,Male,1,No,Yes,19,Yes,Fiber optic,One year,Mailed check,No,59.73,1075.05,No
CUST00315,Male,1,No,No,20,Yes,DSL,One year,Mailed check,Yes,98.79,1949.86,No
CUST00316,Female,1,Yes,Yes,20,Yes,DSL,Two year,Mailed check,Yes,70.28,1406.86,No
CUST00317,Female,0,Yes,No,0,Yes,No,Month-to-month,Mailed check,Yes,120.13,0.0,No
CUST00318,Female,0,No,No,67,Yes,No,One year,Electronic check,Yes,57.14,3808.01,No
CUST00319,Female,0,Yes,Yes,17,Yes,DSL,Month-to-month,Mailed check,Yes,111.4,1982.61,No
CUST00320,Female,0,No,No,12,Yes,DSL,One year,Credit card,Yes,88.61,983.28,No
CUST00321,Male,0,No,No,11,Yes,Fiber optic,One year,Bank transfer,No,71.09,782.0,No
CUST00322,Male,1,No,No,72,Yes,DSL,Two year,Electronic check,Yes,87.19,6348.55,No
CUST00323,Female,0,Yes,No,34,Yes,DSL,Month-to-month,Mailed check,No,79.32,2614.43,No
CUST00324,Female,0,Yes,No,23,Yes,No,Month-to-month,Mailed check,No,81.97,1994.85,No
CUST00325,Female,0,No,Yes,29,Yes,Fiber optic,Month-to-month,Mailed check,Yes,66.21,1927.38,No
CUST00326,Male,0,No,No,6,Yes,No,Month-to-month,Bank transfer,No,52.36,297.65,No
CUST00327,Male,0,No,No,22,Yes,Fiber optic,Month-to-month,Credit card,No,62.62,1176.83,No
CUST00328,Male,1,Yes,Yes,18,Yes,DSL,Two year,Bank transfer,Yes,24.87,410.3,No
CUST00329,Male,0,No,No,58,Yes,No,Month-to-month,Mailed check,Yes,95.57,5580.22,No
CUST00330,Female,0,No,No,4,Yes,DSL,Two year,Electronic check,Yes,37.42,324.21,Yes
CUST00331,Female,0,No,Yes,31,Yes,DSL,Month-to-month,Electronic check,Yes,65.91,2100.0,Yes
CUST00332,Male,0,Yes,Yes,57,Yes,No,One year,Credit card,Yes,90.15,5251.17,No
CUST00333,Male,0,No,No,60,Yes,Fiber optic,One year,Bank transfer,Yes,95.5,5609.09,No
CUST00334,Female,0,No,No,37,Yes,No,One year,Bank transfer,Yes,22.31,812.79,No
CUST00335,Male,0,Yes,Yes,16,Yes,DSL,One year,Bank transfer,No,69.43,1232.95,Yes
CUST00336,Female,0,No,No,24,Yes,No,One year,Credit card,Yes,84.87,1948.11,No
CUST00337,Female,1,No,Yes,16,Yes,Fiber optic,Two year,Credit card,Yes,73.46,1271.88,No
CUST00338,Male,0,Yes,No,48,Yes,Fiber optic,One year,Electronic check,Yes,109.63,5335.57,No
CUST00339,Male,1,No,No,21,Yes,No,Month-to-month,Mailed check,No,48.99,1056.26,No
CUST00340,Female,0,No,No,46,Yes,Fiber optic,Month-to-month,Electronic check,Yes,18.0,795.13,No
CUST00341,Female,0,No,Yes,47,Yes,Fiber optic,One year,Mailed check,Yes,94.69,4351.8,No
CUST00342,Male,1,Yes,No,68,Yes,Fiber optic,Month-to-month,Bank transfer,Yes,56.96,4050.82,No
CUST00343,Female,0,No,Yes,27,No,Fiber optic,Month-to-month,Electronic check,Yes,22.76,677.71,No
CUST00344,Female,0,No,No,70,Yes,No,One year,Electronic check,No,67.56,4763.26,No
CUST00345,Female,0,Yes,No,29,Yes,Fiber optic,Month-to-month,Mailed check,Yes,106.46,3046.06,No
CUST00346,Male,0,No,No,49,Yes,DSL,One year,Bank transfer,Yes,36.63,1798.66,No
CUST00347,Female,0,Yes,Yes,48,No,DSL,One year,Bank transfer,No,137.41,6612.15,No
CUST00348,Female,1,Yes,Yes,59,Yes,No,One year,Electronic check,No,48.54,2903.85,No
CUST00349,Male,1,No,No,34,Yes,No,One year,Electronic check,No,74.44,2604.39,No
CUST00350,Male,0,Yes,Yes,57,Yes,No,Two year,Credit card,Yes,37.86,2079.77,No
CUST00351,Female,0,Yes,Yes,25,Yes,DSL,One year,Bank transfer,No,73.17,1682.59,No
CUST00352,Male,0,Yes,No,35,Yes,Fiber optic,Two year,Credit card,Yes,68.26,2397.53,No
CUST00353,Male,0,No,No,36,Yes,Fiber optic,Month-to-month,Credit card,No,30.29,915.72,No
CUST00354,Male,0,Yes,Yes,51,Yes,Fiber optic,One year,Credit card,No,151.12,7674.75,Yes
CUST00355,Female,1,No,No,45,Yes,DSL,One year,Bank transfer,Yes,58.13,2564.93,No
CUST00356,Female,1,No,No,5,Yes,Fiber optic,Month-to-month,Credit card,Yes,58.16,339.97,Yes
CUST00357,Male,0,No,No,59,Yes,DSL,Month-to-month,Mailed check,Yes,99.13,6046.93,No
CUST00358,Female,0,No,No,55,Yes,Fiber optic,One year,Credit card,Yes,122.8,6559.54,No
CUST00359,Male,0,Yes,No,7,Yes,DSL,Month-to-month,Mailed check,Yes,103.54,952.2,Yes
CUST00360,Female,0,Yes,No,70,Yes,DSL,Two year,Mailed check,Yes,38.37,2662.59,Yes
CUST00361,Female,0,No,No,48,No,DSL,Month-to-month,Bank transfer,Yes,77.99,3778.3,No
CUST00362,Female,0,No,No,6,Yes,No,Month-to-month,Mailed check,Yes,19.32,0.0,Yes
CUST00363,Male,0,No,Yes,35,Yes,Fiber optic,One year,Electronic check,Yes,97.25,3503.44,No
CUST00364,Female,0,Yes,No,61,Yes,No,Month-to-month,Credit card,Yes,26.21,1602.96,No
CUST00365,Male,1,Yes,Yes,20,Yes,Fiber optic,Month-to-month,Mailed check,Yes,49.51,984.05,No
CUST00366,Female,0,No,No,68,Yes,Fiber optic,One year,Credit card,Yes,71.91,4696.14,No
CUST00367,Male,1,No,No,30,Yes,Fiber optic,Month-to-month,Mailed check,No,84.46,2541.18,Yes
CUST00368,Male,0,Yes,No,16,Yes,Fiber optic,Month-to-month,Credit card,No,64.69,1119.62,No
CUST00369,Male,0,No,No,26,Yes,Fiber optic,One year,Bank transfer,Yes,114.53,2954.15,Yes
CUST00370,Female,0,No,No,38,Yes,Fiber optic,One year,Credit card,Yes,92.25,3622.92,No
CUST00371,Male,0,Yes,Yes,50,Yes,Fiber optic,One year,Credit card,Yes,90.05,4615.79,No
CUST00372,Female,0,No,No,67,Yes,No,Month-to-month,Electronic check,No,37.58,2453.75,No
CUST00373,Male,0,Yes,No,14,Yes,DSL,Month-to-month,Credit card,Yes,119.58,1833.63,Yes
CUST00374,Male,1,Yes,Yes,70,Yes,Fiber optic,Two year,Credit card,No,49.51,3470.23,Yes
CUST00375,Female,0,Yes,No,38,Yes,DSL,One year,Bank transfer,Yes,120.65,4589.67,No
CUST00376,Male,0,No,No,9,Yes,DSL,Month-to-month,Credit card,Yes,128.62,1167.48,Yes
CUST00377,Female,0,No,No,67,Yes,Fiber optic,Two year,Credit card,Yes,86.35,5792.38,No
CUST00378,Female,0,No,No,25,Yes,Fiber optic,Month-to-month,Bank transfer,No,100.9,2259.49,No
CUST00379,Male,0,No,Yes,45,Yes,Fiber optic,One year,Mailed check,No,18.0,791.45,No
CUST00380,Male,0,Yes,Yes,50,Yes,DSL,One year,Credit card,Yes,66.54,3190.61,No
CUST00381,Male,1,Yes,Yes,0,Yes,No,Two year,Electronic check,Yes,102.86,162.63,No
CUST00382,Female,0,Yes,Yes,16,Yes,No,Two year,Bank transfer,Yes,97.89,1724.85,No
CUST00383,Female,0,No,No,50,Yes,Fiber optic,Month-to-month,Credit card,No,37.85,1977.69,No
CUST00384,Male,0,No,No,23,No,No,One year,Credit card,Yes,63.78,1443.09,No
CUST00385,Male,0,No,Yes,0,Yes,DSL,Month-to-month,Mailed check,No,18.0,0.0,No
CUST00386,Male,1,Yes,No,1,Yes,Fiber optic,One year,Electronic check,Yes,83.56,17.8,Yes
CUST00387,Male,0,Yes,No,60,Yes,No,One year,Mailed check,Yes,19.27,1350.46,No
CUST00388,Female,0,Yes,No,11,No,No,Month-to-month,Credit card,Yes,103.65,1070.93,No
CUST00389,Female,0,Yes,No,7,Yes,No,Month-to-month,Bank transfer,Yes,105.12,500.28,No
CUST00390,Male,0,Yes,No,41,Yes,Fiber optic,Month-to-month,Electronic check,No,58.72,2510.54,No
CUST00391,Female,0,No,No,8,Yes,No,Month-to-month,Electronic check,No,86.6,842.85,No
CUST00392,Male,0,No,Yes,47,Yes,Fiber optic,Month-to-month,Mailed check,No,65.92,3264.16,No
CUST00393,Male,0,Yes,No,39,Yes,DSL,Two year,Mailed check,Yes,78.77,3175.86,No
CUST00394,Female,0,Yes,No,47,Yes,DSL,Month-to-month,Electronic check,No,39.88,1994.51,No
CUST00395,Female,1,No,No,35,Yes,Fiber optic,Two year,Mailed check,Yes,89.43,3135.34,No
CUST00396,Female,0,Yes,No,56,No,Fiber optic,Two year,Mailed check,Yes,26.05,1251.17,No
CUST00397,Male,0,Yes,No,47,Yes,Fiber optic,One year,Electronic check,Yes,20.76,978.51,No
CUST00398,Male,0,No,No,30,Yes,No,Month-to-month,Electronic check,Yes,68.59,2119.86,No
CUST00399,Male,1,No,No,1,Yes,Fiber optic,Two year,Bank transfer,Yes,66.09,52.56,Yes
CUST00400,Male,0,No,No,19,Yes,Fiber optic,One year,Credit card,Yes,79.62,1494.7,Yes
CUST00401,Female,0,Yes,No,9,Yes,Fiber optic,One year,Credit card,Yes,53.81,387.88,No
CUST00402,Female,0,No,No,1,No,Fiber optic,Two year,Bank transfer,Yes,124.8,24.63,No
CUST00403,Male,0,Yes,Yes,19,No,Fiber optic,One year,Electronic check,Yes,76.5,1637.31,Yes
CUST00404,Female,0,Yes,No,15,Yes,Fiber optic,Month-to-month,Credit card,Yes,78.52,1365.23,Yes
CUST00405,Male,0,No,Yes,5,Yes,Fiber optic,Two year,Credit card,No,77.52,387.34,No
CUST00406,Female,0,No,Yes,22,Yes,Fiber optic,Month-to-month,Mailed check,Yes,100.08,2229.91,Yes
CUST00407,Male,1,Yes,No,36,Yes,Fiber optic,Two year,Mailed check,Yes,88.13,3074.59,No
CUST00408,Male,0,No,No,13,Yes,No,Month-to-month,Electronic check,No,84.38,1161.2,Yes
CUST00409,Female,0,Yes,Yes,19,Yes,DSL,Month-to-month,Credit card,No,92.61,1935.55,Yes
CUST00410,Male,0,Yes,Yes,1,No,Fiber optic,Month-to-month,Credit card,No,20.91,0.0,Yes
CUST00411,Male,0,Yes,Yes,3,Yes,Fiber optic,Month-to-month,Electronic check,No,21.97,112.3,No
CUST00412,Male,0,No,No,11,Yes,DSL,Two year,Bank transfer,No,69.87,822.47,No
CUST00413,Male,0,No,No,33,Yes,Fiber optic,Month-to-month,Mailed check,Yes,66.47,2246.27,No
CUST00414,Male,1,Yes,Yes,48,Yes,Fiber optic,One year,Bank transfer,No,88.23,4399.32,No
CUST00415,Male,0,Yes,Yes,57,Yes,Fiber optic,Month-to-month,Electronic check,No,72.56,4339.52,No
CUST00416,Female,0,Yes,No,45,Yes,Fiber optic,Two year,Credit card,Yes,88.29,3949.7,No
CUST00417,Female,0,Yes,Yes,45,Yes,DSL,Month-to-month,Mailed check,No,37.12,1737.72,No
CUST00418,Male,1,Yes,No,68,Yes,DSL,Month-to-month,Credit card,No,71.7,4884.02,No
CUST00419,Male,0,Yes,No,18,Yes,Fiber optic,Month-to-month,Electronic check,No,34.45,556.89,Yes
CUST00420,Female,0,No,No,58,Yes,Fiber optic,One year,Bank transfer,No,82.83,4831.22,No
CUST00421,Female,1,Yes,Yes,68,Yes,Fiber optic,Two year,Mailed check,Yes,19.41,1387.03,No
CUST00422,Female,0,Yes,No,41,No,No,Two year,Credit card,Yes,81.75,3373.44,No
CUST00423,Female,1,No,Yes,61,Yes,Fiber optic,Month-to-month,Bank transfer,Yes,30.87,1794.95,No
CUST00424,Female,0,Yes,No,10,Yes,DSL,Month-to-month,Bank transfer,No,61.26,566.24,No
CUST00425,Male,0,Yes,No,64,Yes,Fiber optic,Month-to-month,Electronic check,No,97.06,6166.25,No
CUST00426,Male,0,Yes,No,41,Yes,DSL,Month-to-month,Bank transfer,No,78.37,3128.93,No
CUST00427,Female,1,Yes,No,16,Yes,Fiber optic,One year,Electronic check,No,25.92,446.07,Yes
CUST00428,Female,0,Yes,Yes,4,Yes,DSL,Month-to-month,Mailed check,No,53.17,254.49,No
CUST00429,Male,0,No,No,52,Yes,Fiber optic,One year,Electronic check,Yes,29.96,1655.87,No
CUST00430,Female,0,Yes,No,31,Yes,Fiber optic,Two year,Electronic check,No,24.55,675.29,No
CUST00431,Male,0,No,Yes,22,Yes,Fiber optic,Month-to-month,Bank transfer,Yes,75.29,1598.63,No
CUST00432,Female,0,No,No,28,Yes,DSL,Month-to-month,Electronic check,Yes,87.69,2610.78,No
CUST00433,Female,0,Yes,No,72,Yes,DSL,Month-to-month,Bank transfer,Yes,84.34,6056.03,No
CUST00434,Male,1,Yes,No,31,Yes,Fiber optic,Month-to-month,Credit card,Yes,88.87,2757.98,Yes
CUST00435,Male,0,Yes,No,5,Yes,Fiber optic,Month-to-month,Electronic check,Yes,71.67,340.84,Yes
CUST00436,Male,0,Yes,No,20,Yes,DSL,One year,Bank transfer,Yes,64.35,1400.3,No
CUST00437,Female,0,No,No,10,Yes,No,Month-to-month,Mailed check,Yes,41.95,536.68,No
CUST00438,Female,0,No,Yes,50,Yes,Fiber optic,One year,Mailed check,No,59.68,3095.32,No
CUST00439,Male,0,Yes,No,58,Yes,Fiber optic,Two year,Bank transfer,Yes,35.0,2032.66,No
CUST00440,Male,0,Yes,Yes,61,Yes,DSL,Two year,Bank transfer,No,48.34,2861.5,No
CUST00441,Female,0,Yes,No,46,Yes,Fiber optic,One year,Bank transfer,Yes,74.49,3619.06,No
CUST00442,Male,0,No,No,56,Yes,DSL,Month-to-month,Electronic check,Yes,68.7,3932.83,Yes
CUST00443,Male,0,No,No,30,Yes,DSL,Month-to-month,Bank transfer,Yes,157.81,4688.63,No
CUST00444,Male,0,Yes,Yes,45,Yes,Fiber optic,Month-to-month,Mailed check,Yes,34.32,1686.78,No
CUST00445,Female,0,Yes,Yes,7,Yes,Fiber optic,Two year,Mailed check,No,68.5,425.94,No
CUST00446,Female,0,Yes,No,39,No,No,Two year,Credit card,Yes,32.14,1394.53,No
CUST00447,Male,0,Yes,Yes,40,No,No,Month-to-month,Electronic check,No,61.14,2593.43,Yes
CUST00448,Female,0,Yes,Yes,2,Yes,DSL,Month-to-month,Mailed check,Yes,62.28,32.41,Yes
CUST00449,Female,1,Yes,No,40,Yes,DSL,Month-to-month,Mailed check,No,95.66,3884.58,No
CUST00450,Male,0,Yes,No,52,Yes,Fiber optic,Month-to-month,Electronic check,No,59.41,3167.54,No
CUST00451,Female,0,Yes,No,26,Yes,No,Two year,Credit card,Yes,66.64,1994.13,No
CUST00452,Female,0,Yes,No,39,Yes,No,Month-to-month,Mailed check,Yes,59.95,2263.82,No
CUST00453,Male,0,No,No,20,Yes,DSL,Month-to-month,Bank transfer,Yes,32.77,798.65,No
CUST00454,Male,0,No,No,19,Yes,DSL,Month-to-month,Mailed check,Yes,53.74,1022.79,No
CUST00455,Female,0,Yes,No,9,Yes,DSL,Month-to-month,Credit card,Yes,61.31,427.65,Yes
CUST00456,Female,0,Yes,No,23,Yes,No,Month-to-month,Bank transfer,Yes,74.07,1691.61,Yes
CUST00457,Male,1,No,No,58,Yes,Fiber optic,Two year,Mailed check,No,87.65,5083.95,No
CUST00458,Female,0,No,No,68,Yes,Fiber optic,Month-to-month,Credit card,No,65.43,4343.35,No
CUST00459,Female,0,Yes,No,46,Yes,Fiber optic,One year,Credit card,Yes,64.94,3018.46,No
CUST00460,Male,0,No,No,45,Yes,DSL,Month-to-month,Bank transfer,Yes,23.82,1167.68,No
CUST00461,Female,1,Yes,No,44,Yes,Fiber optic,Month-to-month,Electronic check,Yes,87.11,3856.66,No
CUST00462,Male,0,Yes,No,34,No,DSL,Month-to-month,Bank transfer,Yes,52.51,1731.16,Yes
CUST00463,Female,0,No,No,30,Yes,Fiber optic,Month-to-month,Bank transfer,No,92.92,2772.75,No
CUST00464,Male,0,No,Yes,45,Yes,Fiber optic,Month-to-month,Mailed check,Yes,108.86,4898.25,Yes
CUST00465,Male,0,No,No,57,Yes,Fiber optic,Month-to-month,Electronic check,Yes,66.74,3825.91,No
CUST00466,Female,1,Yes,Yes,30,Yes,DSL,Two year,Bank transfer,Yes,43.35,1411.48,No
CUST00467,Male,0,No,No,41,Yes,No,One year,Credit card,Yes,71.53,2959.92,No
CUST00468,Female,0,Yes,No,34,Yes,Fiber optic,Two year,Mailed check,Yes,81.76,2639.57,No
CUST00469,Male,0,No,No,20,Yes,DSL,Month-to-month,Mailed check,Yes,63.17,1207.17,No
CUST00470,Female,0,Yes,Yes,21,Yes,DSL,One year,Electronic check,Yes,56.21,1197.01,No
CUST00471,Female,1,Yes,No,5,Yes,Fiber optic,One year,Bank transfer,Yes,87.78,551.31,Yes
CUST00472,Female,0,No,No,32,Yes,DSL,Month-to-month,Credit card,No,85.93,2879.54,No
CUST00473,Male,0,No,Yes,52,Yes,DSL,Month-to-month,Credit card,Yes,62.3,3417.07,No
CUST00474,Male,1,No,Yes,50,Yes,DSL,Month-to-month,Mailed check,No,25.69,1297.56,No
CUST00475,Female,1,Yes,Yes,71,Yes,DSL,Two year,Electronic check,Yes,84.78,6095.71,No
CUST00476,Female,0,Yes,Yes,2,Yes,Fiber optic,Month-to-month,Mailed check,Yes,50.51,0.0,No
CUST00477,Female,0,No,Yes,55,Yes,Fiber optic,Month-to-month,Credit card,No,78.0,4332.99,No
CUST00478,Male,0,No,No,58,Yes,DSL,Two year,Electronic check,No,76.23,4313.81,No
CUST00479,Female,0,Yes,No,31,Yes,Fiber optic,Month-to-month,Electronic check,Yes,19.11,586.16,Yes
CUST00480,Male,0,No,Yes,20,Yes,DSL,Two year,Credit card,Yes,74.27,1788.38,No
CUST00481,Male,0,No,Yes,26,No,DSL,Two year,Bank transfer,No,86.41,2277.02,No
CUST00482,Female,1,Yes,Yes,49,Yes,DSL,Two year,Electronic check,No,89.84,4315.78,No
CUST00483,Male,1,No,No,62,Yes,Fiber optic,Two year,Electronic check,Yes,75.29,4708.76,No
CUST00484,Female,1,No,No,46,Yes,No,Month-to-month,Mailed check,Yes,18.0,776.29,No
CUST00485,Male,1,No,No,37,No,Fiber optic,One year,Bank transfer,Yes,107.76,3891.05,Yes
CUST00486,Male,0,No,Yes,47,Yes,DSL,One year,Credit card,Yes,83.51,4135.28,No
CUST00487,Male,0,Yes,Yes,5,Yes,DSL,One year,Credit card,Yes,38.31,298.23,No
CUST00488,Female,0,No,No,44,Yes,DSL,Month-to-month,Mailed check,Yes,49.94,2231.91,No
CUST00489,Female,0,No,Yes,3,Yes,No,Month-to-month,Mailed check,No,78.47,196.23,No
CUST00490,Female,0,No,Yes,70,Yes,DSL,Month-to-month,Credit card,Yes,91.03,6341.02,No
CUST00491,Female,0,No,Yes,64,Yes,No,Month-to-month,Credit card,No,58.34,3888.01,No
CUST00492,Female,0,Yes,No,37,Yes,Fiber optic,One year,Electronic check,No,95.11,3549.73,No
CUST00493,Female,0,Yes,No,27,Yes,Fiber optic,Two year,Bank transfer,No,21.8,280.32,No
CUST00494,Female,0,Yes,No,53,Yes,No,One year,Bank transfer,Yes,42.81,2511.02,No
CUST00495,Male,0,No,No,46,Yes,DSL,One year,Electronic check,Yes,18.0,846.31,No
CUST00496,Male,0,No,Yes,51,Yes,Fiber optic,Month-to-month,Credit card,Yes,46.87,2424.71,No
CUST00497,Male,0,No,No,37,Yes,DSL,Month-to-month,Mailed check,Yes,114.23,4335.18,Yes
CUST00498,Male,0,Yes,Yes,17,Yes,No,Month-to-month,Bank transfer,Yes,129.62,2250.08,Yes
CUST00499,Female,1,No,No,5,Yes,Fiber optic,Month-to-month,Mailed check,Yes,78.57,467.54,No
CUST00500,Male,0,Yes,No,20,Yes,DSL,Month-to-month,Bank transfer,Yes,54.12,1040.03,No
CUST00501,Male,0,Yes,No,38,No,No,Month-to-month,Credit card,Yes,65.79,2377.04,No
CUST00502,Female,0,No,No,30,Yes,DSL,Month-to-month,Mailed check,No,85.25,2585.52,No
CUST00503,Female,0,Yes,Yes,36,Yes,DSL,One year,Mailed check,No,28.24,1159.8,No
CUST00504,Female,0,Yes,No,20,Yes,Fiber optic,Month-to-month,Credit card,Yes,55.97,1054.62,Yes
CUST00505,Male,0,Yes,No,68,Yes,Fiber optic,Month-to-month,Credit card,No,112.18,7555.44,No
CUST00506,Male,0,Yes,No,26,Yes,No,Month-to-month,Credit card,Yes,42.72,1232.82,No
CUST00507,Female,0,Yes,No,61,Yes,Fiber optic,One year,Credit card,Yes,51.03,3067.11,No
CUST00508,Male,0,No,Yes,28,Yes,Fiber optic,One year,Bank transfer,No,72.37,1985.3,No
CUST00509,Male,1,No,No,32,Yes,DSL,Month-to-month,Credit card,Yes,79.93,2520.45,No
CUST00510,Male,0,Yes,No,44,Yes,DSL,Month-to-month,Credit card,Yes,54.5,2391.5,No
CUST00511,Female,0,Yes,No,19,Yes,No,Two year,Electronic check,Yes,74.16,1251.68,No
CUST00512,Female,0,Yes,Yes,16,Yes,DSL,One year,Bank transfer,Yes,89.02,,No
CUST00513,Female,0,Yes,No,27,Yes,Fiber optic,One year,Electronic check,Yes,126.92,3449.88,Yes
CUST00514,Female,1,No,No,58,No,DSL,Month-to-month,Bank transfer,Yes,68.47,3993.58,No
CUST00515,Female,1,Yes,No,10,Yes,DSL,Two year,Mailed check,Yes,70.84,824.2,No
CUST00516,Male,0,Yes,Yes,31,Yes,Fiber optic,Two year,Mailed check,Yes,114.77,3741.81,No
CUST00517,Female,0,Yes,Yes,49,Yes,Fiber optic,Month-to-month,Credit card,Yes,56.62,2925.63,No
CUST00518,Male,0,Yes,No,51,Yes,Fiber optic,One year,Bank transfer,Yes,34.92,1872.39,No
CUST00519,Male,0,Yes,Yes,31,Yes,No,Month-to-month,Bank transfer,No,79.01,,No
CUST00520,Female,1,Yes,No,5,Yes,DSL,One year,Credit card,No,102.13,448.34,No
CUST00521,Male,0,No,No,1,Yes,Fiber optic,Month-to-month,Electronic check,Yes,82.11,83.9,Yes
CUST00522,Male,0,No,Yes,34,Yes,DSL,Month-to-month,Bank transfer,No,69.28,2414.08,No
CUST00523,Male,0,No,Yes,59,Yes,Fiber optic,Two year,Electronic check,Yes,31.44,1937.15,No
CUST00524,Female,0,Yes,No,2,Yes,DSL,Two year,Electronic check,Yes,70.37,203.05,No
CUST00525,Male,0,No,Yes,64,Yes,Fiber optic,Month-to-month,Electronic check,Yes,106.53,6805.8,No
CUST00526,Male,0,No,No,49,Yes,DSL,Two year,Bank transfer,Yes,37.44,1913.25,No
CUST00527,Female,0,Yes,No,0,Yes,No,Month-to-month,Bank transfer,No,65.15,126.09,No
CUST00528,Male,0,Yes,No,25,Yes,No,Month-to-month,Credit card,No,61.15,1616.77,No
CUST00529,Female,0,No,No,16,Yes,No,Two year,Mailed check,Yes,52.46,836.16,No
CUST00530,Female,1,Yes,No,69,Yes,DSL,Month-to-month,Credit card,Yes,78.94,5363.48,No
CUST00531,Female,1,Yes,No,40,Yes,No,Month-to-month,Mailed check,Yes,84.41,3290.64,No
CUST00532,Male,0,No,Yes,23,No,DSL,One year,Electronic check,Yes,84.12,1866.64,No
CUST00533,Male,0,No,No,20,Yes,DSL,Month-to-month,Electronic check,Yes,44.65,918.71,No
CUST00534,Male,0,No,No,41,Yes,DSL,Month-to-month,Electronic check,No,25.91,1114.29,No
CUST00535,Female,1,No,No,0,No,DSL,Month-to-month,Mailed check,No,79.35,0.0,No
CUST00536,Male,0,No,No,18,Yes,Fiber optic,One year,Mailed check,No,57.83,990.54,No
CUST00537,Male,0,No,No,12,Yes,DSL,Month-to-month,Credit card,Yes,123.47,1505.97,No
CUST00538,Male,0,Yes,Yes,45,Yes,Fiber optic,Month-to-month,Electronic check,Yes,124.77,5524.68,No
CUST00539,Female,0,No,Yes,48,Yes,Fiber optic,One year,Mailed check,Yes,127.74,6174.91,No
CUST00540,Male,0,No,Yes,34,Yes,No,Month-to-month,Credit card,No,45.68,1522.38,No
CUST00541,Female,0,No,No,10,Yes,Fiber optic,Month-to-month,Electronic check,Yes,87.94,807.06,Yes
CUST00542,Male,0,No,Yes,27,Yes,Fiber optic,One year,Mailed check,Yes,96.39,2607.85,No
CUST00543,Male,0,Yes,No,61,Yes,DSL,One year,Electronic check,Yes,93.23,5726.26,No
CUST00544,Male,0,Yes,Yes,14,Yes,No,Month-to-month,Bank transfer,No,62.08,784.27,No
CUST00545,Female,0,Yes,Yes,11,Yes,DSL,Two year,Credit card,No,107.82,1161.76,No
CUST00546,Male,0,Yes,No,8,Yes,DSL,One year,Electronic check,No,72.01,622.85,No
CUST00547,Male,0,Yes,No,59,Yes,DSL,Month-to-month,Mailed check,Yes,75.59,4383.6,No
CUST00548,Female,0,No,No,8,Yes,Fiber optic,One year,Mailed check,No,28.94,65.74,No
CUST00549,Female,0,No,No,42,Yes,Fiber optic,One year,Credit card,Yes,90.05,3628.44,Yes
CUST00550,Female,1,Yes,No,72,Yes,Fiber optic,One year,Credit card,Yes,64.71,4617.31,No
CUST00551,Female,0,Yes,Yes,46,Yes,Fiber optic,One year,Electronic check,Yes,85.01,3778.62,Yes
CUST00552,Male,1,No,No,30,Yes,Fiber optic,One year,Mailed check,Yes,78.58,2322.63,No
CUST00553,Female,0,No,Yes,15,Yes,Fiber optic,Two year,Credit card,Yes,77.07,1322.54,No
CUST00554,Male,0,No,No,0,Yes,DSL,One year,Electronic check,No,70.72,0.0,No
CUST00555,Female,0,Yes,No,11,No,Fiber optic,Two year,Credit card,Yes,94.02,1005.96,Yes
CUST00556,Female,0,Yes,No,69,Yes,Fiber optic,One year,Electronic check,Yes,66.43,4796.9,No
CUST00557,Female,0,No,Yes,10,Yes,Fiber optic,Two year,Bank transfer,Yes,31.25,353.31,No
CUST00558,Female,0,Yes,Yes,1,No,DSL,Two year,Credit card,Yes,87.93,51.16,No
CUST00559,Female,0,Yes,Yes,59,Yes,Fiber optic,Month-to-month,Bank transfer,Yes,49.35,2895.96,No
CUST00560,Female,0,Yes,No,30,No,DSL,Month-to-month,Credit card,Yes,34.92,1090.54,No
CUST00561,Female,0,Yes,No,26,Yes,DSL,One year,Bank transfer,Yes,43.38,1297.46,No
CUST00562,Male,0,Yes,No,52,Yes,DSL,Month-to-month,Electronic check,Yes,79.93,4103.27,No
CUST00563,Male,0,No,Yes,38,No,Fiber optic,One year,Bank transfer,No,69.3,2557.64,No
CUST00564,Male,0,Yes,No,66,Yes,DSL,Two year,Bank transfer,Yes,18.0,1050.12,No
CUST00565,Female,0,No,Yes,34,Yes,Fiber optic,Two year,Mailed check,Yes,61.26,2093.15,No
CUST00566,Male,1,No,No,52,Yes,DSL,Month-to-month,Electronic check,Yes,104.74,5305.91,No
CUST00567,Male,0,Yes,No,64,Yes,Fiber optic,One year,Bank transfer,Yes,59.36,3752.66,No
CUST00568,Male,0,Yes,Yes,33,Yes,DSL,Month-to-month,Bank transfer,Yes,67.37,2132.34,No
CUST00569,Female,0,No,No,20,Yes,Fiber optic,Month-to-month,Credit card,No,101.2,2131.41,No
CUST00570,Female,0,No,Yes,71,Yes,Fiber optic,Month-to-month,Electronic check,Yes,94.27,6642.33,No
CUST00571,Female,0,Yes,No,16,Yes,Fiber optic,Month-to-month,Bank transfer,No,100.61,1649.45,Yes
CUST00572,Male,0,Yes,No,2,Yes,DSL,Month-to-month,Credit card,Yes,18.0,0.0,No
CUST00573,Male,0,No,Yes,42,Yes,Fiber optic,One year,Credit card,No,120.54,5075.83,Yes
CUST00574,Male,0,Yes,No,72,Yes,No,One year,Credit card,Yes,89.82,6346.72,No
CUST00575,Male,0,Yes,No,6,Yes,No,Month-to-month,Electronic check,Yes,140.92,802.96,Yes
CUST00576,Male,0,Yes,No,62,Yes,DSL,Month-to-month,Electronic check,Yes,50.09,3326.7,No
CUST00577,Female,0,Yes,No,60,Yes,Fiber optic,Month-to-month,Bank transfer,Yes,22.62,1450.42,No
CUST00578,Female,0,No,No,67,Yes,Fiber optic,Two year,Mailed check,No,72.2,4824.56,No
CUST00579,Female,0,Yes,No,30,Yes,DSL,Two year,Electronic check,No,64.29,2248.59,No
CUST00580,Male,0,Yes,No,18,Yes,Fiber optic,Month-to-month,Electronic check,Yes,90.3,1533.88,Yes
CUST00581,Male,0,No,No,37,Yes,Fiber optic,Month-to-month,Electronic check,Yes,102.1,3894.22,Yes
CUST00582,Female,0,Yes,Yes,10,No,Fiber optic,Month-to-month,Mailed check,Yes,69.56,542.33,No
CUST00583,Male,0,Yes,Yes,61,No,No,One year,Bank transfer,Yes,65.26,3956.47,No
CUST00584,Male,0,No,No,48,Yes,DSL,Month-to-month,Electronic check,No,86.64,4023.94,No
CUST00585,Male,0,Yes,Yes,35,No,Fiber optic,Month-to-month,Electronic check,Yes,64.82,2294.43,Yes
CUST00586,Female,0,No,Yes,37,Yes,Fiber optic,Month-to-month,Mailed check,No,62.48,2317.36,No
CUST00587,Female,0,Yes,Yes,51,Yes,DSL,Month-to-month,Credit card,Yes,101.04,5122.27,Yes
CUST00588,Male,1,Yes,No,38,Yes,Fiber optic,Month-to-month,Credit card,No,107.27,4185.47,No
CUST00589,Female,0,Yes,Yes,61,Yes,No,Month-to-month,Mailed check,Yes,102.35,6186.64,No
CUST00590,Female,0,No,No,67,Yes,Fiber optic,One year,Electronic check,Yes,67.29,4541.12,No
CUST00591,Female,0,Yes,No,69,Yes,DSL,Month-to-month,Electronic check,No,18.0,1324.06,No
CUST00592,Female,0,Yes,No,45,Yes,Fiber optic,Month-to-month,Credit card,Yes,67.85,2904.93,No
CUST00593,Male,1,No,No,54,Yes,No,One year,Mailed check,Yes,50.78,2667.28,No
CUST00594,Female,1,Yes,No,22,No,No,Month-to-month,Electronic check,Yes,68.37,1509.53,No
CUST00595,Male,1,No,No,2,Yes,Fiber optic,Two year,Credit card,Yes,53.21,169.44,No
CUST00596,Female,0,Yes,No,29,Yes,Fiber optic,Two year,Bank transfer,No,71.42,2213.3,No
CUST00597,Female,0,No,No,63,Yes,Fiber optic,Month-to-month,Mailed check,No,42.9,2681.11,No
CUST00598,Female,0,Yes,Yes,9,Yes,No,Two year,Mailed check,Yes,36.14,293.61,No
CUST00599,Female,0,No,No,39,Yes,No,One year,Electronic check,No,106.24,4056.1,No
CUST00600,Female,0,Yes,Yes,14,Yes,No,One year,Credit card,Yes,44.85,660.9,No
CUST00601,Female,0,No,No,31,Yes,Fiber optic,Month-to-month,Credit card,No,72.01,2202.6,Yes
CUST00602,Female,0,No,No,10,Yes,DSL,Month-to-month,Electronic check,Yes,98.73,959.9,Yes
CUST00603,Female,0,Yes,Yes,53,Yes,Fiber optic,Month-to-month,Bank transfer,Yes,97.6,5163.41,Yes
CUST00604,Male,0,Yes,No,59,Yes,DSL,Two year,Electronic check,Yes,94.26,5616.5,No
CUST00605,Female,0,Yes,Yes,55,Yes,DSL,One year,Mailed check,Yes,80.48,4370.03,No
CUST00606,Female,0,No,No,51,Yes,Fiber optic,Month-to-month,Bank transfer,No,92.27,4628.55,No
CUST00607,Male,0,No,No,17,Yes,Fiber optic,Month-to-month,Electronic check,Yes,110.45,1920.82,Yes
CUST00608,Female,0,No,Yes,38,Yes,No,Month-to-month,Bank transfer,Yes,83.9,2885.63,No
CUST00609,Female,0,Yes,Yes,7,Yes,Fiber optic,Month-to-month,Electronic check,No,20.56,,Yes
CUST00610,Female,0,No,No,27,Yes,No,One year,Bank transfer,Yes,57.2,1429.27,No
CUST00611,Female,0,Yes,Yes,36,Yes,Fiber optic,Month-to-month,Mailed check,Yes,91.5,3414.33,No
CUST00612,Male,0,No,No,48,Yes,Fiber optic,One year,Electronic check,No,54.44,2569.03,No
CUST00613,Female,0,Yes,No,7,Yes,DSL,One year,Credit card,No,117.36,765.45,Yes
CUST00614,Male,0,No,No,59,No,Fiber optic,One year,Mailed check,Yes,70.23,4138.71,No
CUST00615,Female,0,No,Yes,33,Yes,DSL,Two year,Credit card,No,74.39,2395.33,No
CUST00616,Female,0,No,No,64,Yes,DSL,Month-to-month,Credit card,No,103.49,6583.1,No
CUST00617,Male,0,Yes,No,38,Yes,DSL,One year,Electronic check,Yes,66.88,2551.15,No
CUST00618,Male,0,Yes,Yes,39,Yes,No,One year,Bank transfer,Yes,76.94,2958.46,No
CUST00619,Male,0,No,No,50,Yes,Fiber optic,Month-to-month,Mailed check,No,97.18,4816.08,Yes
CUST00620,Male,0,Yes,Yes,59,Yes,No,Month-to-month,Bank transfer,No,30.78,1715.0,No
CUST00621,Male,0,Yes,No,11,Yes,No,Month-to-month,Bank transfer,Yes,64.01,588.73,Yes
CUST00622,Male,0,No,No,37,Yes,No,Month-to-month,Mailed check,No,95.22,3529.2,No
CUST00623,Male,1,No,No,2,Yes,DSL,Month-to-month,Bank transfer,No,73.84,178.34,No
CUST00624,Male,0,No,No,34,Yes,No,Month-to-month,Mailed check,Yes,113.09,3702.24,No
CUST00625,Female,0,No,No,59,Yes,No,One year,Credit card,No,27.87,1720.32,No
CUST00626,Male,1,Yes,Yes,63,Yes,No,Month-to-month,Credit card,Yes,24.68,1631.24,No
CUST00627,Male,0,Yes,Yes,20,Yes,DSL,Month-to-month,Electronic check,No,93.55,1968.47,Yes
CUST00628,Male,0,No,No,28,Yes,DSL,Month-to-month,Bank transfer,No,96.24,2724.71,No
CUST00629,Female,1,Yes,No,40,Yes,No,Month-to-month,Credit card,Yes,66.59,2727.31,No
CUST00630,Male,0,Yes,No,28,No,DSL,Two year,Electronic check,Yes,83.21,2548.38,No
CUST00631,Female,0,Yes,No,12,Yes,Fiber optic,Month-to-month,Bank transfer,Yes,92.87,1084.29,Yes
CUST00632,Male,0,No,Yes,22,Yes,Fiber optic,Month-to-month,Credit card,No,49.21,978.05,No
CUST00633,Male,0,No,Yes,29,Yes,DSL,Month-to-month,Electronic check,Yes,52.21,1360.68,No
CUST00634,Male,0,Yes,Yes,37,Yes,DSL,Month-to-month,Bank transfer,No,77.31,3036.04,No
CUST00635,Male,0,Yes,No,67,Yes,No,One year,Credit card,Yes,97.31,6696.65,No
CUST00636,Female,0,Yes,No,39,Yes,No,One year,Mailed check,Yes,39.35,1442.19,No
CUST00637,Male,0,No,No,28,Yes,No,Month-to-month,Electronic check,No,66.46,1788.15,No
CUST00638,Male,0,Yes,Yes,48,Yes,DSL,One year,Mailed check,Yes,65.16,3095.28,No
CUST00639,Female,0,No,Yes,56,Yes,DSL,Month-to-month,Mailed check,Yes,83.7,4809.63,No
CUST00640,Female,0,Yes,No,31,Yes,Fiber optic,Two year,Bank transfer,Yes,71.76,2095.83,No
CUST00641,Female,1,Yes,No,35,Yes,Fiber optic,One year,Mailed check,Yes,56.72,1788.54,No
CUST00642,Female,0,Yes,No,15,Yes,DSL,Month-to-month,Mailed check,Yes,106.96,1821.15,No
CUST00643,Female,0,No,No,63,Yes,Fiber optic,One year,Credit card,Yes,56.9,3615.94,No
CUST00644,Male,0,Yes,No,63,Yes,No,Two year,Bank transfer,Yes,63.82,4066.1,No
CUST00645,Female,0,Yes,No,12,Yes,Fiber optic,Month-to-month,Credit card,Yes,27.44,308.77,Yes
CUST00646,Male,0,Yes,No,25,Yes,Fiber optic,Two year,Bank transfer,Yes,52.02,1347.08,No
CUST00647,Male,0,Yes,No,19,Yes,Fiber optic,Two year,Credit card,Yes,86.45,1491.13,No
CUST00648,Female,0,Yes,No,67,Yes,DSL,Month-to-month,Electronic check,Yes,80.98,5341.57,No
CUST00649,Female,1,No,No,4,Yes,DSL,One year,Credit card,No,88.79,365.68,No
CUST00650,Female,1,Yes,Yes,15,Yes,Fiber optic,One year,Credit card,Yes,87.43,1084.36,No
CUST00651,Male,0,Yes,No,22,Yes,Fiber optic,Month-to-month,Electronic check,Yes,130.46,2839.87,Yes
CUST00652,Female,0,Yes,Yes,40,Yes,Fiber optic,Month-to-month,Mailed check,Yes,51.06,2005.98,No
CUST00653,Male,0,No,No,18,Yes,No,Two year,Mailed check,No,26.66,449.61,No
CUST00654,Female,0,Yes,No,39,Yes,DSL,One year,Mailed check,No,42.58,1605.51,No
CUST00655,Female,0,Yes,No,54,Yes,DSL,Month-to-month,Credit card,No,52.3,2724.61,No
CUST00656,Female,1,Yes,No,60,No,DSL,Month-to-month,Bank transfer,No,44.72,2501.0,No
CUST00657,Female,0,Yes,No,7,Yes,DSL,Month-to-month,Electronic check,Yes,74.62,536.81,Yes
CUST00658,Female,0,Yes,Yes,10,Yes,Fiber optic,Two year,Bank transfer,No,107.07,1040.69,Yes
CUST00659,Male,0,No,Yes,6,Yes,Fiber optic,One year,Credit card,Yes,115.11,553.13,Yes
CUST00660,Male,1,Yes,Yes,66,Yes,No,Month-to-month,Mailed check,No,86.12,5690.17,No
CUST00661,Male,0,Yes,No,47,Yes,Fiber optic,Two year,Credit card,No,131.96,6172.62,Yes
CUST00662,Female,0,Yes,No,38,Yes,Fiber optic,Two year,Bank transfer,No,62.02,2310.66,No
CUST00663,Male,0,Yes,Yes,57,Yes,DSL,Month-to-month,Credit card,Yes,26.29,1282.84,No
CUST00664,Male,1,No,No,42,Yes,Fiber optic,Month-to-month,Credit card,No,101.49,4330.86,No
CUST00665,Female,0,No,No,17,Yes,DSL,One year,Electronic check,Yes,20.52,225.53,No
CUST00666,Female,0,No,No,37,Yes,No,Month-to-month,Credit card,Yes,50.86,1888.15,No
CUST00667,Female,0,Yes,No,51,Yes,Fiber optic,Month-to-month,Electronic check,Yes,86.56,4333.73,No
CUST00668,Female,1,No,Yes,2,Yes,DSL,One year,Credit card,Yes,69.13,99.39,Yes
CUST00669,Female,0,Yes,No,44,Yes,DSL,Two year,Credit card,Yes,66.65,3047.83,No
CUST00670,Male,0,No,No,36,Yes,DSL,Month-to-month,Mailed check,Yes,38.94,1455.0,No
CUST00671,Female,1,No,Yes,5,Yes,No,Two year,Electronic check,Yes,71.7,471.5,No
CUST00672,Female,0,No,No,19,Yes,DSL,Two year,Mailed check,Yes,100.1,1934.94,No
CUST00673,Female,0,No,No,32,Yes,DSL,Month-to-month,Mailed check,Yes,72.56,2361.53,No
CUST00674,Male,0,Yes,No,25,Yes,DSL,Month-to-month,Bank transfer,Yes,48.75,1040.64,No
CUST00675,Female,0,Yes,No,21,Yes,No,One year,Electronic check,No,37.07,746.72,No
CUST00676,Female,0,No,No,47,Yes,Fiber optic,One year,Electronic check,Yes,49.33,2296.02,No
CUST00677,Female,0,Yes,No,29,Yes,Fiber optic,Month-to-month,Mailed check,No,82.99,2529.08,No
CUST00678,Male,0,No,No,36,Yes,Fiber optic,One year,Credit card,No,81.62,2887.7,No
CUST00679,Female,1,No,No,58,Yes,DSL,One year,Mailed check,Yes,49.59,2902.71,No
CUST00680,Female,0,No,Yes,6,Yes,No,One year,Mailed check,Yes,18.0,130.58,No
CUST00681,Female,0,Yes,Yes,26,Yes,DSL,One year,Electronic check,Yes,83.76,2293.53,No
CUST00682,Male,0,No,Yes,5,Yes,DSL,Month-to-month,Mailed check,Yes,46.86,220.93,Yes
CUST00683,Female,0,Yes,No,67,Yes,Fiber optic,Month-to-month,Mailed check,Yes,91.29,6199.21,No
CUST00684,Female,0,Yes,No,13,Yes,DSL,Month-to-month,Mailed check,Yes,50.83,490.3,No
CUST00685,Male,1,Yes,No,59,Yes,DSL,Two year,Mailed check,Yes,44.34,2454.66,No
CUST00686,Female,1,No,No,13,Yes,Fiber optic,Two year,Mailed check,Yes,76.29,763.44,No
CUST00687,Male,0,No,Yes,23,Yes,Fiber optic,Two year,Bank transfer,Yes,138.02,3253.06,No
CUST00688,Female,0,No,No,44,Yes,DSL,Month-to-month,Mailed check,No,92.97,4158.05,Yes
CUST00689,Male,0,No,No,60,Yes,Fiber optic,One year,Credit card,Yes,75.81,4638.28,No
CUST00690,Female,0,Yes,No,12,No,Fiber optic,Month-to-month,Bank transfer,Yes,82.05,916.86,Yes
CUST00691,Female,0,Yes,No,15,Yes,DSL,Month-to-month,Bank transfer,Yes,22.97,288.2,No
CUST00692,Female,0,No,No,64,Yes,DSL,Month-to-month,Bank transfer,Yes,40.57,2584.38,No
CUST00693,Female,0,Yes,No,23,Yes,Fiber optic,Two year,Credit card,Yes,18.0,558.37,No
CUST00694,Female,0,Yes,No,15,Yes,Fiber optic,Month-to-month,Mailed check,Yes,120.44,1975.98,Yes
CUST00695,Male,0,No,No,54,Yes,No,One year,Credit card,Yes,114.77,6276.96,No
CUST00696,Male,0,No,Yes,6,Yes,Fiber optic,Two year,Electronic check,Yes,83.0,531.1,No
CUST00697,Female,0,Yes,Yes,63,Yes,DSL,One year,Electronic check,Yes,75.78,4907.68,No
CUST00698,Female,0,No,No,63,Yes,Fiber optic,Month-to-month,Credit card,Yes,28.56,1773.7,No
CUST00699,Male,0,Yes,Yes,62,Yes,Fiber optic,Two year,Credit card,Yes,65.86,4044.23,No
CUST00700,Male,0,Yes,Yes,21,Yes,DSL,One year,Electronic check,No,122.19,2553.09,No
CUST00701,Female,0,Yes,No,8,Yes,Fiber optic,Month-to-month,Bank transfer,Yes,75.68,507.57,Yes
CUST00702,Female,0,No,Yes,31,Yes,DSL,One year,Bank transfer,Yes,56.19,1724.39,No
CUST00703,Male,0,Yes,No,24,Yes,No,Two year,Electronic check,Yes,22.77,434.74,No
CUST00704,Male,0,Yes,No,70,Yes,No,Month-to-month,Bank transfer,No,110.65,7848.0,No
CUST00705,Male,0,No,No,46,Yes,Fiber optic,Month-to-month,Bank transfer,No,70.04,3276.21,No
CUST00706,Female,1,No,No,68,Yes,No,Month-to-month,Bank transfer,No,22.81,1694.04,No
CUST00707,Male,0,No,No,54,Yes,No,Month-to-month,Bank transfer,Yes,46.12,2327.55,No
CUST00708,Female,0,No,No,52,Yes,DSL,One year,Credit card,Yes,36.23,2074.13,No
CUST00709,Male,0,No,Yes,8,Yes,Fiber optic,Month-to-month,Electronic check,No,68.31,389.23,No
CUST00710,Male,1,No,No,5,Yes,Fiber optic,Month-to-month,Bank transfer,Yes,77.81,269.22,Yes
CUST00711,Female,0,No,No,3,Yes,DSL,Month-to-month,Mailed check,No,57.91,111.65,No
CUST00712,Female,1,No,Yes,43,Yes,Fiber optic,Month-to-month,Credit card,Yes,93.76,4162.45,Yes
CUST00713,Female,0,Yes,No,14,Yes,DSL,Month-to-month,Mailed check,Yes,74.21,1061.5,Yes
CUST00714,Female,0,Yes,No,72,No,No,One year,Credit card,Yes,101.74,7300.9,Yes
CUST00715,Female,0,No,No,9,Yes,Fiber optic,Month-to-month,Bank transfer,Yes,62.0,478.74,Yes
CUST00716,Female,0,Yes,No,69,Yes,Fiber optic,Month-to-month,Electronic check,No,157.27,10714.04,No
CUST00717,Female,0,No,Yes,48,Yes,Fiber optic,Two year,Credit card,Yes,56.19,2810.38,No
CUST00718,Male,0,Yes,No,7,Yes,DSL,Two year,Electronic check,Yes,46.71,406.83,No
CUST00719,Male,0,No,Yes,4,No,No,Month-to-month,Mailed check,Yes,43.26,308.29,No
CUST00720,Female,1,Yes,Yes,28,Yes,DSL,Month-to-month,Mailed check,No,66.09,1890.2,No
CUST00721,Male,0,No,Yes,24,Yes,DSL,Month-to-month,Bank transfer,Yes,23.85,308.19,No
CUST00722,Female,0,Yes,No,23,Yes,Fiber optic,Month-to-month,Mailed check,No,80.25,1721.29,No
CUST00723,Female,0,Yes,No,38,Yes,Fiber optic,Month-to-month,Bank transfer,No,18.65,755.19,No
CUST00724,Male,0,Yes,No,9,Yes,Fiber optic,Two year,Bank transfer,Yes,76.53,651.8,No
CUST00725,Female,0,No,Yes,9,Yes,DSL,One year,Electronic check,No,34.16,251.56,No
CUST00726,Male,1,Yes,Yes,50,Yes,DSL,Month-to-month,Electronic check,No,61.32,2955.68,No
CUST00727,Female,0,No,No,72,Yes,DSL,Two year,Mailed check,Yes,88.93,6497.72,No
CUST00728,Male,0,Yes,Yes,19,Yes,DSL,Month-to-month,Electronic check,Yes,136.51,2639.31,Yes
CUST00729,Male,0,Yes,No,68,Yes,Fiber optic,Month-to-month,Credit card,Yes,41.82,2893.88,No
CUST00730,Female,0,No,No,25,Yes,DSL,Month-to-month,Mailed check,Yes,67.79,1631.39,Yes
CUST00731,Female,0,Yes,No,24,Yes,DSL,Month-to-month,Mailed check,Yes,51.73,1259.15,Yes
CUST00732,Male,0,Yes,No,6,Yes,Fiber optic,Two year,Bank transfer,No,47.64,152.06,No
CUST00733,Female,0,No,Yes,30,Yes,Fiber optic,Month-to-month,Credit card,Yes,51.98,1546.42,No
CUST00734,Female,1,No,Yes,36,Yes,DSL,One year,Bank transfer,Yes,95.07,3169.73,Yes
CUST00735,Male,1,No,No,48,Yes,DSL,Month-to-month,Bank transfer,Yes,58.33,2643.03,No
CUST00736,Female,1,Yes,No,11,Yes,DSL,Two year,Credit card,No,134.98,1452.55,No
CUST00737,Female,0,No,No,13,Yes,No,One year,Credit card,Yes,83.65,1324.96,No
CUST00738,Male,0,Yes,Yes,31,Yes,DSL,Month-to-month,Electronic check,Yes,43.72,1175.25,No
CUST00739,Female,1,No,No,5,Yes,DSL,Month-to-month,Electronic check,Yes,61.73,184.29,Yes
CUST00740,Female,0,No,No,10,Yes,Fiber optic,Two year,Mailed check,Yes,49.55,517.18,Yes
CUST00741,Female,0,Yes,No,45,Yes,DSL,Month-to-month,Credit card,Yes,94.4,4424.94,No
CUST00742,Female,0,Yes,Yes,69,Yes,DSL,Month-to-month,Credit card,No,26.11,1821.81,No
CUST00743,Female,0,Yes,No,41,Yes,DSL,Two year,Bank transfer,Yes,34.45,1482.66,No
CUST00744,Male,0,Yes,Yes,10,No,Fiber optic,Month-to-month,Bank transfer,Yes,55.44,520.64,No
CUST00745,Female,1,Yes,No,72,Yes,Fiber optic,Month-to-month,Electronic check,Yes,91.12,6509.58,No
CUST00746,Male,0,No,No,38,Yes,Fiber optic,Month-to-month,Bank transfer,No,106.53,4056.36,No
CUST00747,Female,0,Yes,No,52,Yes,Fiber optic,Month-to-month,Electronic check,Yes,110.66,5688.49,No
CUST00748,Male,0,Yes,No,14,Yes,DSL,Month-to-month,Bank transfer,Yes,86.83,1288.05,No
CUST00749,Male,0,No,No,42,Yes,No,Month-to-month,Electronic check,Yes,69.68,2765.93,Yes
CUST00750,Male,0,Yes,Yes,5,Yes,Fiber optic,Month-to-month,Electronic check,Yes,94.25,560.25,Yes
CUST00751,Female,0,No,Yes,45,Yes,Fiber optic,Month-to-month,Credit card,Yes,39.95,1801.68,No
CUST00752,Male,0,No,No,14,Yes,Fiber optic,Month-to-month,Credit card,Yes,20.35,263.43,No
CUST00753,Male,0,No,No,66,Yes,Fiber optic,Two year,Bank transfer,Yes,84.23,5394.88,No
CUST00754,Female,0,Yes,Yes,3,No,DSL,One year,Bank transfer,No,43.84,33.54,No
CUST00755,Female,1,Yes,Yes,47,Yes,Fiber optic,Month-to-month,Electronic check,Yes,70.17,3417.86,Yes
CUST00756,Male,0,No,No,10,Yes,DSL,Month-to-month,Bank transfer,No,75.35,,No
CUST00757,Female,0,No,Yes,50,Yes,Fiber optic,One year,Bank transfer,Yes,78.95,3975.34,No
CUST00758,Male,0,Yes,Yes,36,Yes,DSL,Month-to-month,Bank transfer,Yes,98.26,3449.41,No
CUST00759,Male,0,No,No,70,Yes,DSL,Month-to-month,Mailed check,Yes,95.3,6668.09,Yes
CUST00760,Female,0,No,No,47,Yes,No,One year,Mailed check,Yes,77.46,3503.4,No
CUST00761,Male,0,Yes,No,27,Yes,Fiber optic,Month-to-month,Credit card,Yes,59.62,1619.73,No
CUST00762,Female,0,No,No,6,Yes,Fiber optic,One year,Mailed check,No,75.02,487.18,No
CUST00763,Female,0,Yes,Yes,43,Yes,Fiber optic,Two year,Credit card,Yes,55.31,2410.39,No
CUST00764,Female,0,No,No,32,Yes,Fiber optic,Two year,Credit card,Yes,66.5,2037.64,No
CUST00765,Male,0,No,No,3,Yes,No,Month-to-month,Credit card,Yes,145.31,401.72,No
CUST00766,Female,0,No,No,42,Yes,Fiber optic,Month-to-month,Bank transfer,Yes,77.1,3291.92,Yes
CUST00767,Female,0,Yes,Yes,15,Yes,Fiber optic,Month-to-month,Electronic check,Yes,84.61,1248.01,Yes
CUST00768,Male,0,Yes,Yes,17,Yes,Fiber optic,One year,Electronic check,Yes,52.25,859.52,No
CUST00769,Male,0,No,Yes,0,Yes,Fiber optic,Two year,Bank transfer,Yes,100.56,190.35,Yes
CUST00770,Male,0,No,No,27,Yes,Fiber optic,Two year,Mailed check,Yes,93.29,2423.73,Yes
CUST00771,Female,0,No,No,15,Yes,No,Month-to-month,Electronic check,Yes,93.49,1510.39,Yes
CUST00772,Female,1,Yes,No,5,Yes,Fiber optic,Two year,Credit card,Yes,78.02,274.63,Yes
CUST00773,Male,0,Yes,No,31,Yes,Fiber optic,Month-to-month,Credit card,Yes,100.96,3195.24,No
CUST00774,Female,0,No,No,16,Yes,Fiber optic,Two year,Mailed check,Yes,107.61,1792.58,Yes
CUST00775,Female,1,Yes,No,9,Yes,Fiber optic,Month-to-month,Bank transfer,No,79.93,668.33,Yes
CUST00776,Female,0,No,Yes,34,Yes,No,Month-to-month,Mailed check,No,68.79,2217.11,No
CUST00777,Male,0,Yes,No,4,Yes,Fiber optic,Month-to-month,Mailed check,Yes,97.05,191.16,Yes
CUST00778,Male,1,Yes,No,72,Yes,Fiber optic,Two year,Bank transfer,Yes,46.68,3299.45,No
CUST00779,Male,0,Yes,Yes,34,Yes,Fiber optic,Month-to-month,Mailed check,No,51.9,1817.22,No
CUST00780,Female,0,No,No,72,No,Fiber optic,Month-to-month,Credit card,Yes,70.51,4968.96,No
CUST00781,Female,0,No,No,64,No,DSL,Month-to-month,Electronic check,Yes,23.24,1497.05,No
CUST00782,Female,0,Yes,Yes,71,Yes,Fiber optic,Month-to-month,Bank transfer,Yes,95.17,6609.43,No
CUST00783,Male,0,Yes,No,39,Yes,No,Two year,Credit card,Yes,45.04,1733.17,No
CUST00784,Male,1,No,Yes,30,Yes,Fiber optic,Month-to-month,Credit card,No,58.8,1649.3,No
CUST00785,Male,1,Yes,Yes,52,Yes,DSL,Month-to-month,Electronic check,No,66.03,3425.76,Yes
CUST00786,Female,0,No,Yes,5,Yes,Fiber optic,One year,Electronic check,No,73.1,315.39,No
CUST00787,Male,0,Yes,No,61,Yes,Fiber optic,Month-to-month,Bank transfer,No,62.38,3686.14,No
CUST00788,Female,0,Yes,No,23,Yes,DSL,Month-to-month,Credit card,Yes,70.11,1546.64,No
CUST00789,Female,1,Yes,Yes,0,No,Fiber optic,Month-to-month,Credit card,No,70.33,0.0,Yes
CUST00790,Male,0,No,Yes,17,Yes,Fiber optic,Month-to-month,Credit card,Yes,59.48,879.77,Yes
CUST00791,Male,1,Yes,Yes,17,Yes,No,Month-to-month,Electronic check,Yes,50.35,964.22,No
CUST00792,Male,0,No,Yes,1,Yes,DSL,Month-to-month,Bank transfer,Yes,102.28,66.26,No
CUST00793,Female,0,Yes,No,48,Yes,DSL,Month-to-month,Bank transfer,Yes,18.0,643.78,Yes
CUST00794,Female,0,Yes,No,6,Yes,Fiber optic,One year,Bank transfer,Yes,66.24,,Yes
CUST00795,Male,0,No,No,61,Yes,DSL,Two year,Credit card,Yes,58.87,3682.54,No
CUST00796,Male,0,No,No,33,Yes,Fiber optic,Two year,Electronic check,Yes,83.73,2686.95,No
CUST00797,Female,0,Yes,No,52,Yes,Fiber optic,Month-to-month,Mailed check,Yes,31.28,1776.33,No
CUST00798,Male,1,Yes,Yes,24,Yes,DSL,Month-to-month,Mailed check,Yes,58.01,1306.57,No
CUST00799,Male,0,Yes,Yes,9,Yes,Fiber optic,Two year,Credit card,Yes,69.13,672.51,No
CUST00800,Male,0,No,No,13,Yes,No,One year,Electronic check,Yes,101.96,1429.14,Yes
CUST00801,Male,0,Yes,No,47,Yes,Fiber optic,Month-to-month,Mailed check,Yes,81.3,3866.12,No
CUST00802,Male,0,Yes,No,52,Yes,Fiber optic,Month-to-month,Electronic check,No,38.86,1883.27,No
CUST00803,Female,1,Yes,No,19,Yes,Fiber optic,Month-to-month,Electronic check,Yes,58.35,1014.4,Yes
CUST00804,Female,0,No,No,26,Yes,DSL,Month-to-month,Credit card,Yes,96.81,2634.07,No
CUST00805,Female,0,Yes,No,68,Yes,DSL,Month-to-month,Credit card,Yes,38.38,2529.38,No
CUST00806,Female,0,No,No,62,Yes,Fiber optic,Month-to-month,Mailed check,No,69.8,4425.17,No
CUST00807,Female,1,Yes,Yes,30,Yes,Fiber optic,Two year,Bank transfer,Yes,71.74,2109.17,No
CUST00808,Male,0,Yes,Yes,17,Yes,DSL,One year,Bank transfer,Yes,61.2,1054.54,Yes
CUST00809,Male,1,Yes,Yes,21,Yes,DSL,One year,Credit card,Yes,147.48,2958.47,Yes
CUST00810,Female,0,Yes,Yes,39,Yes,No,Month-to-month,Mailed check,No,60.44,2296.33,No
CUST00811,Male,0,Yes,No,41,Yes,DSL,One year,Credit card,No,84.59,3380.66,No
CUST00812,Female,1,No,No,13,Yes,Fiber optic,One year,Mailed check,Yes,50.54,679.58,No
CUST00813,Female,1,Yes,No,4,Yes,Fiber optic,Month-to-month,Bank transfer,Yes,86.78,356.44,No
CUST00814,Male,1,No,No,36,Yes,Fiber optic,One year,Mailed check,Yes,96.38,3515.94,Yes
CUST00815,Female,0,Yes,Yes,58,Yes,DSL,One year,Bank transfer,Yes,55.54,3172.27,No
CUST00816,Female,0,Yes,No,11,Yes,DSL,Two year,Mailed check,No,70.47,682.15,No
CUST00817,Male,0,Yes,No,29,Yes,Fiber optic,Month-to-month,Credit card,No,46.93,1379.24,Yes
CUST00818,Male,0,Yes,Yes,11,Yes,Fiber optic,Two year,Bank transfer,No,39.96,336.6,No
CUST00819,Female,1,No,Yes,17,Yes,DSL,Month-to-month,Mailed check,No,101.03,1825.35,Yes
CUST00820,Female,1,Yes,No,44,Yes,Fiber optic,Month-to-month,Credit card,Yes,56.49,2474.11,No
CUST00821,Male,0,No,Yes,20,No,Fiber optic,Month-to-month,Bank transfer,No,18.0,327.39,No
CUST00822,Female,0,No,No,19,Yes,DSL,Month-to-month,Mailed check,Yes,121.43,2353.39,No
CUST00823,Male,0,No,No,72,Yes,Fiber optic,Month-to-month,Electronic check,Yes,49.54,3559.24,No
CUST00824,Female,0,Yes,No,12,Yes,DSL,Month-to-month,Credit card,No,65.1,615.39,Yes
CUST00825,Female,0,Yes,Yes,13,Yes,Fiber optic,One year,Credit card,Yes,117.95,1427.21,No
CUST00826,Male,0,No,No,67,Yes,DSL,Month-to-month,Bank transfer,No,68.03,4663.78,No
CUST00827,Female,0,Yes,No,40,Yes,Fiber optic,Two year,Credit card,No,67.43,2705.59,No
CUST00828,Female,0,Yes,Yes,3,Yes,DSL,Month-to-month,Bank transfer,No,37.61,0.0,No
CUST00829,Female,0,No,No,31,Yes,Fiber optic,One year,Electronic check,No,26.22,848.03,No
CUST00830,Male,0,No,No,41,Yes,Fiber optic,Two year,Electronic check,Yes,67.34,2705.01,Yes
CUST00831,Male,1,No,No,18,Yes,No,Two year,Electronic check,Yes,82.16,1391.43,No
CUST00832,Male,0,Yes,Yes,40,Yes,Fiber optic,One year,Electronic check,No,80.55,3107.51,No
CUST00833,Male,0,No,No,47,Yes,No,One year,Bank transfer,Yes,58.52,2850.43,No
CUST00834,Male,0,Yes,Yes,18,Yes,DSL,Month-to-month,Credit card,No,72.57,1109.71,No
CUST00835,Female,0,No,Yes,59,Yes,Fiber optic,Month-to-month,Electronic check,Yes,20.56,1129.29,No
CUST00836,Female,1,No,Yes,33,Yes,DSL,Month-to-month,Bank transfer,Yes,84.88,2813.05,No
CUST00837,Female,0,No,No,70,Yes,Fiber optic,Month-to-month,Electronic check,Yes,76.52,5514.24,No
CUST00838,Male,0,No,Yes,6,Yes,Fiber optic,Month-to-month,Mailed check,No,127.26,818.95,No
CUST00839,Male,1,Yes,No,23,Yes,No,Month-to-month,Credit card,No,72.21,1576.23,No
CUST00840,Female,1,Yes,No,52,Yes,Fiber optic,Two year,Credit card,No,45.61,2524.66,No
CUST00841,Male,0,Yes,No,65,Yes,Fiber optic,Two year,Credit card,Yes,70.58,4452.19,No
CUST00842,Female,0,Yes,No,16,Yes,DSL,Two year,Mailed check,Yes,62.82,1031.65,No
CUST00843,Female,0,No,No,71,Yes,DSL,One year,Credit card,Yes,84.17,6024.85,No
CUST00844,Male,0,Yes,Yes,14,Yes,Fiber optic,Month-to-month,Credit card,Yes,72.75,930.39,No
CUST00845,Male,0,No,Yes,30,Yes,DSL,Month-to-month,Mailed check,Yes,36.72,1171.36,No
CUST00846,Male,0,Yes,No,22,No,DSL,One year,Mailed check,Yes,26.2,525.01,Yes
CUST00847,Male,1,Yes,No,30,Yes,No,One year,Electronic check,Yes,79.36,2450.31,No
CUST00848,Male,0,Yes,No,65,Yes,No,Month-to-month,Credit card,Yes,110.73,7013.49,No
CUST00849,Female,0,No,No,53,Yes,Fiber optic,Month-to-month,Electronic check,Yes,74.22,3967.16,No
CUST00850,Female,0,No,No,58,No,Fiber optic,Month-to-month,Mailed check,No,94.77,5455.45,No
CUST00851,Female,0,No,No,18,Yes,No,Month-to-month,Mailed check,Yes,100.36,1921.45,Yes
CUST00852,Female,0,Yes,No,69,Yes,DSL,Month-to-month,Electronic check,Yes,79.47,5479.03,No
CUST00853,Female,1,Yes,Yes,31,Yes,Fiber optic,Month-to-month,Credit card,No,49.19,1649.81,No
CUST00854,Male,1,No,No,47,Yes,Fiber optic,One year,Bank transfer,No,77.47,3691.85,No
CUST00855,Male,0,No,Yes,50,Yes,No,Two year,Electronic check,No,105.8,5277.25,No
CUST00856,Female,0,Yes,No,48,Yes,No,Month-to-month,Electronic check,Yes,86.84,4247.09,No
CUST00857,Male,0,No,Yes,43,Yes,Fiber optic,One year,Electronic check,Yes,92.95,4076.26,No
CUST00858,Male,0,Yes,No,35,Yes,DSL,Two year,Credit card,No,59.05,2113.94,No
CUST00859,Female,1,Yes,No,47,Yes,Fiber optic,Month-to-month,Mailed check,Yes,66.33,2888.28,Yes
CUST00860,Female,0,No,Yes,66,Yes,DSL,One year,Bank transfer,Yes,68.68,4434.62,No
CUST00861,Female,0,Yes,Yes,28,Yes,No,Month-to-month,Electronic check,No,70.56,2114.09,No
CUST00862,Female,0,Yes,No,37,Yes,DSL,One year,Electronic check,Yes,104.7,3748.31,Yes
CUST00863,Male,0,No,Yes,13,Yes,DSL,Month-to-month,Bank transfer,No,18.0,322.25,No
CUST00864,Female,0,No,No,25,Yes,Fiber optic,Two year,Electronic check,No,72.86,1892.15,Yes
CUST00865,Female,0,Yes,No,56,No,Fiber optic,Two year,Bank transfer,Yes,69.77,3834.54,No
CUST00866,Female,0,Yes,Yes,46,Yes,No,Month-to-month,Credit card,No,33.6,1346.08,No
CUST00867,Female,0,No,Yes,15,Yes,DSL,Month-to-month,Mailed check,Yes,90.81,1305.26,No
CUST00868,Female,0,No,No,39,Yes,Fiber optic,Month-to-month,Bank transfer,No,51.71,2224.49,No
CUST00869,Male,0,No,No,59,Yes,DSL,One year,Credit card,No,62.0,3571.67,No
CUST00870,Male,0,No,Yes,9,Yes,DSL,One year,Credit card,No,123.77,1034.5,No
CUST00871,Male,1,Yes,No,4,Yes,Fiber optic,Month-to-month,Electronic check,Yes,100.28,301.36,No
CUST00872,Male,0,No,No,28,Yes,DSL,Two year,Electronic check,No,88.09,2588.0,No
CUST00873,Male,0,Yes,No,47,Yes,Fiber optic,Month-to-month,Credit card,No,82.66,3860.73,No
CUST00874,Male,0,Yes,No,22,Yes,DSL,Month-to-month,Credit card,Yes,67.39,1419.99,No
CUST00875,Female,0,No,No,59,No,DSL,Month-to-month,Mailed check,Yes,127.98,7692.17,No
CUST00876,Female,0,Yes,No,61,Yes,Fiber optic,Month-to-month,Bank transfer,Yes,94.46,5820.01,No
CUST00877,Female,0,No,No,38,Yes,DSL,Month-to-month,Bank transfer,No,51.01,1846.45,No
CUST00878,Female,1,Yes,No,27,Yes,Fiber optic,Month-to-month,Bank transfer,Yes,32.8,763.24,No
CUST00879,Female,0,No,No,3,Yes,Fiber optic,Month-to-month,Credit card,Yes,87.87,379.43,Yes
CUST00880,Female,0,No,Yes,59,Yes,DSL,Two year,Mailed check,No,70.44,4157.64,No
CUST00881,Male,0,Yes,No,65,Yes,Fiber optic,Month-to-month,Credit card,No,31.99,1924.44,No
CUST00882,Female,0,Yes,Yes,32,Yes,DSL,Two year,Electronic check,No,84.0,2509.69,No
CUST00883,Male,0,No,Yes,37,Yes,Fiber optic,One year,Electronic check,Yes,64.47,2273.79,No
CUST00884,Male,0,Yes,Yes,55,Yes,DSL,One year,Credit card,Yes,86.86,4653.35,No
CUST00885,Female,0,Yes,Yes,50,No,No,Month-to-month,Electronic check,Yes,84.37,4013.89,No
CUST00886,Female,0,Yes,No,9,Yes,Fiber optic,Two year,Credit card,Yes,54.97,384.78,No
CUST00887,Male,1,No,No,49,Yes,Fiber optic,Month-to-month,Mailed check,No,89.72,4304.37,No
CUST00888,Male,0,Yes,No,67,Yes,No,Month-to-month,Mailed check,Yes,58.06,3843.75,No
CUST00889,Male,1,No,Yes,54,No,DSL,Month-to-month,Electronic check,Yes,59.88,3402.81,No
CUST00890,Male,0,Yes,No,35,Yes,No,Month-to-month,Credit card,Yes,57.1,1971.82,No
CUST00891,Male,0,Yes,No,38,Yes,Fiber optic,Two year,Mailed check,Yes,103.67,3922.7,No
CUST00892,Female,0,Yes,No,18,Yes,No,Two year,Electronic check,No,64.14,1205.45,No
CUST00893,Female,0,No,No,48,Yes,No,One year,Mailed check,No,110.43,5276.91,No
CUST00894,Female,0,Yes,No,17,Yes,No,Month-to-month,Electronic check,Yes,121.94,2113.0,Yes
CUST00895,Female,0,Yes,No,24,No,DSL,Two year,Credit card,Yes,51.32,1259.74,No
CUST00896,Female,0,No,No,19,Yes,Fiber optic,One year,Electronic check,Yes,18.0,354.26,No
CUST00897,Female,1,Yes,No,24,Yes,Fiber optic,Month-to-month,Mailed check,Yes,101.25,2706.65,Yes
CUST00898,Male,0,Yes,No,26,Yes,Fiber optic,Month-to-month,Mailed check,No,62.42,1714.03,No
CUST00899,Male,0,Yes,No,6,Yes,DSL,One year,Electronic check,Yes,47.75,178.33,No
CUST00900,Female,0,Yes,Yes,52,Yes,No,Month-to-month,Electronic check,Yes,55.52,2924.06,No
CUST00901,Male,0,No,No,32,Yes,DSL,Month-to-month,Bank transfer,No,60.39,1853.31,No
CUST00902,Male,1,No,No,69,Yes,Fiber optic,One year,Mailed check,Yes,108.32,7518.71,No
CUST00903,Male,0,No,Yes,13,Yes,Fiber optic,Month-to-month,Electronic check,Yes,76.48,,No
CUST00904,Female,0,No,No,48,Yes,DSL,Month-to-month,Electronic check,Yes,107.94,5070.34,Yes
CUST00905,Male,0,Yes,No,13,Yes,Fiber optic,Month-to-month,Credit card,Yes,85.84,1150.31,Yes
CUST00906,Female,0,Yes,Yes,39,Yes,DSL,One year,Bank transfer,Yes,63.34,2570.03,No
CUST00907,Male,0,Yes,Yes,35,Yes,Fiber optic,Two year,Bank transfer,No,61.07,2187.71,Yes
CUST00908,Male,0,No,Yes,32,Yes,No,Two year,Credit card,No,87.73,2892.77,No
CUST00909,Male,0,Yes,No,47,Yes,Fiber optic,One year,Electronic check,Yes,94.97,4500.97,No
CUST00910,Male,0,No,Yes,60,Yes,Fiber optic,One year,Bank transfer,Yes,99.91,6011.85,No
CUST00911,Female,0,Yes,No,23,Yes,DSL,One year,Credit card,Yes,64.68,1437.27,Yes
CUST00912,Male,0,No,No,62,Yes,No,Month-to-month,Electronic check,Yes,76.91,4849.72,Yes
CUST00913,Male,0,Yes,No,13,Yes,No,Month-to-month,Bank transfer,Yes,88.35,1251.04,No
CUST00914,Female,0,No,No,21,No,DSL,One year,Credit card,Yes,61.25,1279.94,No
CUST00915,Female,1,No,Yes,22,Yes,Fiber optic,One year,Bank transfer,Yes,40.22,873.15,Yes
CUST00916,Male,0,No,Yes,69,No,Fiber optic,Month-to-month,Electronic check,No,49.42,3569.12,No
CUST00917,Female,0,Yes,No,8,Yes,Fiber optic,Two year,Bank transfer,No,65.25,519.96,No
CUST00918,Female,1,Yes,Yes,28,Yes,Fiber optic,One year,Credit card,Yes,90.54,2542.69,Yes
CUST00919,Male,0,No,Yes,30,Yes,Fiber optic,Month-to-month,Electronic check,No,107.25,3265.92,No
CUST00920,Female,0,Yes,No,58,Yes,Fiber optic,Month-to-month,Bank transfer,Yes,34.03,1963.96,No
CUST00921,Female,0,No,Yes,35,Yes,DSL,Month-to-month,Bank transfer,No,55.27,1852.42,No
CUST00922,Female,0,No,No,70,Yes,Fiber optic,Month-to-month,Mailed check,Yes,61.98,4376.4,No
CUST00923,Male,1,No,No,54,Yes,No,Month-to-month,Electronic check,Yes,94.25,5085.62,No
CUST00924,Male,0,No,No,51,Yes,DSL,Month-to-month,Electronic check,Yes,57.21,3101.93,Yes
CUST00925,Male,0,No,No,54,Yes,Fiber optic,Month-to-month,Credit card,Yes,59.97,3317.22,No
CUST00926,Female,0,Yes,No,11,Yes,DSL,Month-to-month,Credit card,Yes,32.46,297.51,Yes
CUST00927,Female,0,Yes,No,32,Yes,No,One year,Mailed check,Yes,85.54,2810.19,No
CUST00928,Male,0,Yes,No,42,Yes,Fiber optic,One year,Credit card,Yes,67.48,2864.95,No
CUST00929,Male,0,Yes,No,15,No,Fiber optic,Month-to-month,Credit card,Yes,53.69,936.29,Yes
CUST00930,Female,0,No,Yes,8,No,DSL,Month-to-month,Bank transfer,Yes,64.73,465.39,Yes
CUST00931,Female,0,Yes,No,9,Yes,Fiber optic,Month-to-month,Bank transfer,Yes,103.56,950.91,No
CUST00932,Female,0,Yes,Yes,57,Yes,No,Month-to-month,Credit card,Yes,43.86,2490.11,No
CUST00933,Male,0,No,Yes,47,Yes,Fiber optic,Month-to-month,Bank transfer,Yes,48.43,2282.06,No
CUST00934,Female,0,No,Yes,20,Yes,Fiber optic,Month-to-month,Credit card,Yes,107.06,2052.68,Yes
CUST00935,Male,0,Yes,No,53,Yes,Fiber optic,Month-to-month,Credit card,Yes,74.12,3985.95,No
CUST00936,Female,0,No,No,50,Yes,Fiber optic,Two year,Electronic check,No,90.75,4579.3,No
CUST00937,Male,0,Yes,No,59,Yes,Fiber optic,Month-to-month,Bank transfer,Yes,83.25,5040.27,No
CUST00938,Male,0,No,No,66,Yes,DSL,Two year,Bank transfer,Yes,71.01,4685.66,No
CUST00939,Male,0,No,Yes,64,Yes,DSL,Month-to-month,Credit card,Yes,62.25,,No
CUST00940,Female,0,No,No,13,Yes,Fiber optic,Month-to-month,Mailed check,Yes,95.28,1317.57,Yes
CUST00941,Female,0,No,No,56,Yes,No,Two year,Credit card,Yes,104.55,5775.38,No
CUST00942,Male,0,No,No,28,Yes,No,Month-to-month,Mailed check,Yes,102.36,2974.58,No
CUST00943,Female,0,No,Yes,29,Yes,No,One year,Mailed check,No,38.81,1233.77,No
CUST00944,Male,0,No,Yes,47,No,Fiber optic,Two year,Electronic check,Yes,108.54,5227.11,No
CUST00945,Male,0,Yes,No,43,Yes,DSL,One year,Mailed check,Yes,61.98,2702.8,No
CUST00946,Male,0,No,No,30,Yes,Fiber optic,Month-to-month,Credit card,Yes,50.86,1477.15,No
CUST00947,Female,0,No,No,72,Yes,No,Month-to-month,Bank transfer,Yes,67.26,4853.64,No
CUST00948,Male,0,No,No,12,Yes,Fiber optic,Month-to-month,Bank transfer,No,95.27,1181.25,No
CUST00949,Female,0,No,No,7,Yes,Fiber optic,Month-to-month,Credit card,No,87.13,553.9,No
CUST00950,Male,0,No,No,2,Yes,Fiber optic,Month-to-month,Mailed check,Yes,64.85,263.01,Yes
CUST00951,Male,0,Yes,Yes,59,Yes,Fiber optic,Two year,Bank transfer,No,95.45,5689.56,No
CUST00952,Male,0,Yes,Yes,29,Yes,No,One year,Mailed check,Yes,75.92,2112.46,No
CUST00953,Female,0,Yes,Yes,31,Yes,Fiber optic,Month-to-month,Credit card,Yes,55.96,1923.05,No
CUST00954,Male,0,No,No,47,Yes,Fiber optic,Month-to-month,Mailed check,No,52.18,2462.2,No
CUST00955,Female,0,No,No,31,Yes,DSL,One year,Credit card,No,83.49,2478.78,No
CUST00956,Female,0,Yes,No,41,Yes,Fiber optic,Two year,Bank transfer,Yes,69.69,2774.26,No
CUST00957,Male,1,Yes,No,4,Yes,DSL,Month-to-month,Credit card,No,33.49,282.74,No
CUST00958,Female,0,No,No,11,Yes,No,Month-to-month,Credit card,Yes,95.72,1235.42,No
CUST00959,Female,0,No,No,68,Yes,Fiber optic,Two year,Credit card,Yes,58.55,4082.35,No
CUST00960,Male,1,No,No,32,Yes,Fiber optic,Two year,Mailed check,Yes,116.58,3862.49,Yes
CUST00961,Male,1,Yes,No,12,No,Fiber optic,Two year,Bank transfer,Yes,32.72,514.3,Yes
CUST00962,Male,0,Yes,No,26,No,Fiber optic,Month-to-month,Mailed check,Yes,66.94,1796.13,Yes
CUST00963,Female,1,Yes,No,24,Yes,Fiber optic,Month-to-month,Electronic check,Yes,52.4,1290.5,Yes
CUST00964,Male,1,Yes,No,20,Yes,DSL,Month-to-month,Bank transfer,Yes,44.69,947.79,No
CUST00965,Female,0,No,No,21,Yes,No,Month-to-month,Mailed check,No,58.37,1299.37,No
CUST00966,Female,0,Yes,No,53,Yes,Fiber optic,Two year,Mailed check,Yes,121.58,6369.58,No
CUST00967,Female,0,No,No,7,Yes,Fiber optic,Month-to-month,Electronic check,No,76.01,605.27,Yes
CUST00968,Male,0,No,No,22,Yes,DSL,One year,Bank transfer,No,49.83,1242.12,No
CUST00969,Female,0,Yes,Yes,34,Yes,Fiber optic,Two year,Bank transfer,No,20.8,686.56,No
CUST00970,Male,0,Yes,No,39,Yes,Fiber optic,Two year,Electronic check,No,23.8,896.88,No
CUST00971,Male,0,No,No,64,Yes,No,One year,Bank transfer,No,56.98,3694.37,Yes
CUST00972,Male,0,Yes,Yes,67,Yes,DSL,Two year,Electronic check,Yes,54.26,3570.45,No
CUST00973,Male,0,Yes,No,21,Yes,No,Month-to-month,Electronic check,No,65.73,1248.65,No
CUST00974,Male,0,No,Yes,39,Yes,Fiber optic,Month-to-month,Mailed check,No,18.0,816.77,No
CUST00975,Male,0,No,No,1,Yes,DSL,Month-to-month,Mailed check,Yes,69.43,24.33,Yes
CUST00976,Male,0,No,No,45,Yes,DSL,Two year,Credit card,Yes,100.78,4536.94,No
CUST00977,Male,0,Yes,Yes,11,Yes,DSL,Two year,Electronic check,No,117.44,1230.83,No
CUST00978,Female,1,Yes,No,5,Yes,No,Month-to-month,Mailed check,Yes,18.96,222.48,No
CUST00979,Male,1,Yes,No,49,Yes,DSL,Month-to-month,Bank transfer,Yes,49.56,2513.76,Yes
CUST00980,Female,1,Yes,No,13,Yes,Fiber optic,Month-to-month,Electronic check,Yes,48.08,600.97,No
CUST00981,Female,1,Yes,Yes,34,Yes,Fiber optic,Month-to-month,Credit card,Yes,76.08,2468.73,No
CUST00982,Female,0,No,No,7,Yes,No,Two year,Bank transfer,Yes,37.85,230.26,No
CUST00983,Female,0,Yes,No,54,Yes,Fiber optic,Month-to-month,Credit card,Yes,119.1,6488.42,No
CUST00984,Female,0,No,No,55,Yes,Fiber optic,Two year,Credit card,No,73.22,4045.96,No
CUST00985,Female,0,No,Yes,41,Yes,DSL,One year,Electronic check,Yes,68.55,2821.46,No
CUST00986,Female,1,No,No,61,Yes,No,Month-to-month,Mailed check,Yes,116.6,7133.77,Yes
CUST00987,Female,0,Yes,No,31,Yes,DSL,Month-to-month,Bank transfer,No,71.55,2293.93,Yes
CUST00988,Male,0,Yes,No,13,Yes,DSL,Two year,Electronic check,No,83.21,1077.54,No
CUST00989,Male,0,No,No,11,Yes,No,One year,Mailed check,Yes,50.98,605.78,Yes
CUST00990,Female,0,Yes,Yes,16,Yes,DSL,Month-to-month,Bank transfer,Yes,33.63,439.39,No
CUST00991,Male,0,No,Yes,14,Yes,DSL,Month-to-month,Credit card,Yes,54.91,1024.13,No
CUST00992,Female,0,Yes,No,23,Yes,Fiber optic,Two year,Mailed check,No,133.24,3036.13,No
CUST00993,Male,1,Yes,No,15,Yes,DSL,Two year,Credit card,Yes,89.72,1366.16,Yes
CUST00994,Male,0,No,Yes,43,Yes,DSL,Two year,Bank transfer,Yes,79.69,3483.32,No
CUST00995,Female,0,No,No,10,Yes,Fiber optic,One year,Electronic check,No,44.66,405.52,No
CUST00996,Female,0,Yes,No,45,No,Fiber optic,Two year,Mailed check,Yes,97.52,4389.18,No
CUST00997,Female,0,No,Yes,24,Yes,Fiber optic,Month-to-month,Credit card,Yes,33.98,815.09,No
CUST00998,Male,0,Yes,Yes,50,Yes,DSL,One year,Electronic check,No,28.12,1314.6,No
CUST00999,Female,0,No,No,37,Yes,Fiber optic,Month-to-month,Electronic check,No,56.35,2128.81,No
CUST01000,Female,0,No,No,66,Yes,No,One year,Mailed check,Yes,126.73,8199.26,No
CUST01001,Female,1,No,Yes,32,Yes,DSL,Two year,Credit card,Yes,125.14,4179.75,No
CUST01002,Female,0,No,No,21,Yes,DSL,Two year,Bank transfer,Yes,59.37,1326.07,Yes
CUST01003,Female,0,Yes,No,43,Yes,DSL,Month-to-month,Electronic check,Yes,53.12,2348.07,No
CUST01004,Female,0,No,No,48,Yes,Fiber optic,One year,Mailed check,Yes,26.07,1077.7,No
CUST01005,Male,0,Yes,No,32,Yes,DSL,Two year,Credit card,No,74.18,2294.51,Yes
CUST01006,Female,0,Yes,No,40,Yes,Fiber optic,Two year,Electronic check,Yes,76.54,3200.53,No
CUST01007,Female,1,Yes,No,34,Yes,No,One year,Bank transfer,Yes,94.11,3614.86,No
CUST01008,Female,0,Yes,Yes,22,No,DSL,Month-to-month,Mailed check,Yes,97.5,2264.47,Yes
CUST01009,Female,0,No,No,22,Yes,Fiber optic,Month-to-month,Credit card,No,66.47,1566.03,No
CUST01010,Female,0,Yes,Yes,66,Yes,DSL,Two year,Credit card,Yes,87.57,5832.12,No
CUST01011,Male,0,Yes,No,49,Yes,DSL,One year,Credit card,Yes,52.38,2481.87,Yes
CUST01012,Female,0,Yes,Yes,6,Yes,Fiber optic,One year,Electronic check,Yes,87.04,621.76,No
CUST01013,Male,0,No,No,70,No,Fiber optic,One year,Mailed check,Yes,57.8,3935.88,No
CUST01014,Male,0,No,Yes,51,No,No,Month-to-month,Bank transfer,No,84.86,4206.8,No
CUST01015,Female,0,No,Yes,3,Yes,Fiber optic,Month-to-month,Mailed check,No,82.6,120.45,No
CUST01016,Female,0,Yes,Yes,53,Yes,DSL,Two year,Bank transfer,Yes,73.93,4015.86,No
CUST01017,Male,0,Yes,No,43,Yes,Fiber optic,Month-to-month,Bank transfer,Yes,94.25,4047.01,No
CUST01018,Male,0,No,No,66,Yes,DSL,One year,Mailed check,No,28.03,1860.07,No
CUST01019,Male,1,No,Yes,35,Yes,No,One year,Electronic check,Yes,42.18,1474.76,No
CUST01020,Male,0,No,No,37,Yes,Fiber optic,Two year,Credit card,No,64.44,2271.71,No
CUST01021,Male,0,No,No,22,Yes,Fiber optic,Month-to-month,Credit card,Yes,31.59,627.91,No
CUST01022,Male,0,No,No,23,Yes,Fiber optic,One year,Credit card,Yes,60.61,1331.99,No
CUST01023,Female,0,No,No,45,Yes,Fiber optic,Month-to-month,Mailed check,Yes,61.51,2627.42,No
CUST01024,Female,0,Yes,No,60,Yes,Fiber optic,Month-to-month,Mailed check,Yes,108.67,6469.78,Yes
CUST01025,Female,0,Yes,Yes,65,Yes,DSL,Month-to-month,Mailed check,Yes,75.99,4831.22,No
CUST01026,Male,0,Yes,No,56,Yes,DSL,Month-to-month,Electronic check,No,100.82,5703.69,No
CUST01027,Male,0,Yes,Yes,44,Yes,DSL,Two year,Electronic check,Yes,80.45,3605.9,No
CUST01028,Male,0,Yes,No,36,Yes,Fiber optic,Two year,Mailed check,Yes,57.0,1922.64,No
CUST01029,Female,0,No,No,24,Yes,Fiber optic,Month-to-month,Credit card,No,75.74,1788.1,No
CUST01030,Male,0,Yes,No,56,Yes,DSL,Two year,Electronic check,No,92.42,5361.13,No
CUST01031,Male,0,Yes,No,23,Yes,Fiber optic,Month-to-month,Bank transfer,Yes,105.42,2326.58,Yes
CUST01032,Male,1,Yes,No,19,No,Fiber optic,One year,Bank transfer,Yes,68.3,1340.36,No
CUST01033,Female,0,Yes,No,63,Yes,DSL,Two year,Mailed check,Yes,25.87,,No
CUST01034,Male,0,Yes,Yes,43,Yes,No,One year,Credit card,Yes,23.9,1136.99,No
CUST01035,Male,1,Yes,Yes,25,Yes,Fiber optic,Month-to-month,Electronic check,No,62.86,1601.05,No
CUST01036,Female,0,No,No,63,Yes,Fiber optic,Month-to-month,Credit card,Yes,18.0,1090.87,No
CUST01037,Female,0,No,No,70,Yes,Fiber optic,Month-to-month,Bank transfer,Yes,122.26,8564.88,Yes
CUST01038,Male,1,Yes,No,23,Yes,DSL,Two year,Mailed check,No,88.71,2048.47,No
CUST01039,Male,0,No,Yes,38,Yes,No,One year,Credit card,Yes,54.2,2050.43,No
CUST01040,Female,0,No,No,35,Yes,Fiber optic,Month-to-month,Mailed check,Yes,40.93,1300.64,No
CUST01041,Female,0,No,Yes,51,Yes,Fiber optic,Month-to-month,Credit card,Yes,100.79,5264.6,No
CUST01042,Female,0,Yes,Yes,69,Yes,No,Two year,Electronic check,No,40.82,2923.22,No
CUST01043,Male,0,No,Yes,40,Yes,No,Month-to-month,Electronic check,No,43.49,1635.18,No
CUST01044,Male,0,Yes,No,58,Yes,No,One year,Bank transfer,Yes,50.55,2901.83,No
CUST01045,Female,0,Yes,No,43,Yes,DSL,One year,Credit card,No,75.19,3210.66,No
CUST01046,Male,0,Yes,No,64,Yes,DSL,Month-to-month,Electronic check,Yes,89.38,5604.67,Yes
CUST01047,Male,0,No,No,29,Yes,Fiber optic,Month-to-month,Credit card,Yes,105.39,2869.63,Yes
CUST01048,Female,0,Yes,No,28,Yes,Fiber optic,Month-to-month,Credit card,Yes,101.26,2768.22,Yes
CUST01049,Female,1,Yes,No,30,Yes,Fiber optic,Month-to-month,Mailed check,Yes,72.02,2124.96,Yes
CUST01050,Male,0,Yes,No,72,Yes,Fiber optic,One year,Credit card,Yes,100.57,7096.92,Yes
CUST01051,Female,0,Yes,No,44,Yes,DSL,Two year,Credit card,No,53.21,2358.94,No
CUST01052,Male,0,No,No,11,Yes,DSL,Month-to-month,Electronic check,Yes,21.02,347.51,No
CUST01053,Female,0,Yes,Yes,2,Yes,Fiber optic,Month-to-month,Credit card,No,53.21,190.63,No
CUST01054,Female,0,Yes,Yes,37,Yes,DSL,Month-to-month,Bank transfer,Yes,49.42,1815.87,No
CUST01055,Male,1,Yes,No,58,Yes,Fiber optic,Month-to-month,Electronic check,Yes,54.3,2965.36,No
CUST01056,Female,0,Yes,No,34,Yes,Fiber optic,One year,Bank transfer,Yes,45.14,1606.33,No
CUST01057,Male,0,Yes,No,40,Yes,Fiber optic,Two year,Bank transfer,Yes,59.09,2378.24,No
CUST01058,Female,1,No,No,58,Yes,Fiber optic,One year,Credit card,Yes,89.36,5225.32,No
CUST01059,Male,0,Yes,Yes,37,Yes,Fiber optic,Month-to-month,Credit card,Yes,120.03,4634.72,No
CUST01060,Male,0,Yes,No,66,Yes,Fiber optic,One year,Mailed check,No,23.69,1481.06,No
CUST01061,Female,0,No,No,46,Yes,DSL,Month-to-month,Mailed check,No,35.94,1365.76,No
CUST01062,Female,0,No,No,53,Yes,Fiber optic,Two year,Electronic check,Yes,49.84,2536.17,No
CUST01063,Male,0,Yes,Yes,57,Yes,Fiber optic,One year,Electronic check,Yes,93.44,5374.68,No
CUST01064,Female,0,Yes,Yes,45,Yes,DSL,Two year,Bank transfer,Yes,66.26,2984.39,No
CUST01065,Female,1,Yes,No,3,Yes,Fiber optic,Month-to-month,Credit card,No,51.72,33.6,No
CUST01066,Male,1,No,No,31,Yes,No,Month-to-month,Electronic check,Yes,92.07,2712.2,Yes
CUST01067,Female,1,Yes,No,10,Yes,DSL,One year,Bank transfer,Yes,98.78,952.34,No
CUST01068,Female,0,Yes,No,37,Yes,Fiber optic,Month-to-month,Bank transfer,Yes,71.47,2519.78,No
CUST01069,Male,0,No,No,10,No,No,One year,Electronic check,Yes,49.15,543.56,No
CUST01070,Male,1,Yes,No,37,Yes,No,Month-to-month,Electronic check,Yes,79.57,2902.95,No
CUST01071,Female,0,Yes,No,25,No,Fiber optic,Two year,Mailed check,Yes,65.47,1574.04,Yes
CUST01072,Male,0,No,No,1,Yes,Fiber optic,Month-to-month,Bank transfer,Yes,65.25,0.0,No
CUST01073,Female,0,Yes,No,9,Yes,No,Two year,Mailed check,Yes,57.65,545.16,Yes
CUST01074,Female,0,No,No,36,Yes,Fiber optic,Month-to-month,Credit card,Yes,97.9,3528.66,Yes
CUST01075,Male,0,No,No,5,Yes,DSL,Month-to-month,Mailed check,Yes,79.0,415.2,Yes
CUST01076,Male,1,Yes,No,62,Yes,DSL,Month-to-month,Electronic check,No,101.0,6280.01,No
CUST01077,Female,0,No,No,55,Yes,Fiber optic,Month-to-month,Electronic check,Yes,109.42,6010.88,No
CUST01078,Male,0,No,No,51,Yes,Fiber optic,Two year,Mailed check,No,84.85,4224.04,Yes
CUST01079,Male,1,No,No,12,Yes,DSL,Two year,Mailed check,Yes,57.82,620.8,No
CUST01080,Female,0,Yes,No,58,Yes,Fiber optic,Two year,Bank transfer,No,101.13,5826.07,No
CUST01081,Female,0,Yes,No,46,No,Fiber optic,Two year,Mailed check,No,85.04,4118.36,No
CUST01082,Female,0,Yes,No,28,Yes,Fiber optic,One year,Electronic check,Yes,144.89,3922.04,Yes
CUST01083,Female,0,No,No,0,No,No,Month-to-month,Electronic check,No,80.68,0.0,No
CUST01084,Female,0,Yes,No,38,Yes,Fiber optic,Two year,Bank transfer,Yes,91.54,3488.35,No
CUST01085,Male,0,No,No,58,Yes,No,Month-to-month,Mailed check,No,80.13,4617.21,No
CUST01086,Female,0,No,No,2,Yes,No,Two year,Bank transfer,Yes,69.23,245.86,No
CUST01087,Female,0,No,No,3,Yes,DSL,Month-to-month,Credit card,Yes,64.75,163.4,No
CUST01088,Female,0,Yes,No,27,Yes,Fiber optic,One year,Mailed check,Yes,80.24,2143.03,No
CUST01089,Female,0,Yes,Yes,37,Yes,DSL,Month-to-month,Bank transfer,No,86.59,3285.29,No
CUST01090,Male,0,No,No,34,Yes,No,Month-to-month,Credit card,No,104.32,3727.95,No
CUST01091,Female,0,Yes,No,31,Yes,DSL,Month-to-month,Electronic check,Yes,80.65,2640.9,No
CUST01092,Male,1,Yes,Yes,18,Yes,Fiber optic,Month-to-month,Bank transfer,No,59.04,1049.05,No
CUST01093,Female,0,No,No,4,Yes,No,Month-to-month,Mailed check,No,62.85,246.45,No
CUST01094,Male,0,No,No,2,Yes,DSL,Month-to-month,Bank transfer,Yes,34.96,74.59,No
CUST01095,Male,0,No,Yes,7,Yes,No,Month-to-month,Bank transfer,Yes,118.51,844.27,No
CUST01096,Male,0,No,No,50,Yes,DSL,One year,Electronic check,Yes,56.85,2757.77,Yes
CUST01097,Female,0,Yes,No,57,No,Fiber optic,Month-to-month,Electronic check,Yes,99.09,5741.79,Yes
CUST01098,Female,0,Yes,No,31,Yes,Fiber optic,Two year,Electronic check,Yes,79.74,2492.6,Yes
CUST01099,Male,1,Yes,No,5,Yes,Fiber optic,Month-to-month,Electronic check,No,80.5,398.01,No
CUST01100,Male,0,Yes,No,30,Yes,Fiber optic,One year,Electronic check,Yes,68.71,1934.19,Yes
CUST01101,Male,1,No,No,71,Yes,No,Month-to-month,Bank transfer,No,49.94,3551.97,No
CUST01102,Male,1,Yes,No,18,Yes,DSL,Month-to-month,Credit card,Yes,44.88,618.52,No
CUST01103,Female,0,No,Yes,35,Yes,Fiber optic,One year,Mailed check,Yes,120.4,4155.84,Yes
CUST01104,Male,0,No,No,39,Yes,No,One year,Credit card,Yes,75.19,2876.1,No
CUST01105,Male,0,No,No,24,Yes,Fiber optic,Month-to-month,Bank transfer,Yes,103.51,2512.94,Yes
CUST01106,Male,1,Yes,No,31,Yes,DSL,Month-to-month,Credit card,Yes,110.78,3622.17,Yes
CUST01107,Male,0,Yes,No,34,No,No,Month-to-month,Bank transfer,Yes,60.5,2114.19,No
CUST01108,Female,0,No,No,34,Yes,DSL,Month-to-month,Electronic check,Yes,83.86,2996.08,Yes
CUST01109,Female,1,No,No,52,Yes,Fiber optic,Month-to-month,Bank transfer,No,73.26,3874.04,No
CUST01110,Male,0,Yes,Yes,42,Yes,Fiber optic,One year,Bank transfer,Yes,39.6,1775.71,No
CUST01111,Female,0,Yes,No,3,Yes,Fiber optic,Month-to-month,Bank transfer,Yes,66.81,386.14,Yes
CUST01112,Male,0,No,No,0,Yes,DSL,One year,Credit card,Yes,88.45,0.0,Yes
CUST01113,Male,1,No,No,29,Yes,DSL,Month-to-month,Electronic check,Yes,58.03,1603.16,No
CUST01114,Male,1,Yes,No,66,Yes,Fiber optic,Month-to-month,Bank transfer,No,62.9,4218.28,No
CUST01115,Male,0,Yes,No,2,Yes,DSL,Month-to-month,Credit card,Yes,67.15,133.93,Yes
CUST01116,Male,0,No,No,5,Yes,Fiber optic,Month-to-month,Electronic check,No,131.12,677.64,No
CUST01117,Female,0,No,No,49,Yes,Fiber optic,Month-to-month,Mailed check,No,20.65,986.98,No
CUST01118,Female,0,No,Yes,32,No,Fiber optic,Two year,Credit card,Yes,86.05,2693.97,No
CUST01119,Female,0,Yes,No,16,Yes,DSL,One year,Electronic check,Yes,64.91,1200.64,Yes
CUST01120,Male,0,Yes,No,15,Yes,DSL,Month-to-month,Electronic check,Yes,54.06,700.91,Yes
CUST01121,Male,0,No,No,48,Yes,No,Month-to-month,Credit card,No,64.22,3151.2,No
CUST01122,Male,0,No,No,38,Yes,Fiber optic,Two year,Electronic check,Yes,90.69,3498.64,No
CUST01123,Male,0,No,Yes,46,Yes,DSL,Month-to-month,Bank transfer,Yes,92.29,4087.44,No
CUST01124,Male,0,Yes,No,20,Yes,DSL,Month-to-month,Credit card,Yes,77.21,1461.12,Yes
CUST01125,Female,0,Yes,No,38,Yes,Fiber optic,Two year,Mailed check,Yes,102.6,3832.53,Yes
CUST01126,Female,0,Yes,No,62,Yes,No,Month-to-month,Mailed check,Yes,107.53,6723.32,No
CUST01127,Female,0,Yes,Yes,23,Yes,DSL,Month-to-month,Mailed check,Yes,94.86,2145.08,Yes
CUST01128,Female,1,No,Yes,28,No,DSL,Month-to-month,Mailed check,Yes,56.71,1579.32,No
CUST01129,Female,0,Yes,No,11,Yes,Fiber optic,One year,Mailed check,No,85.84,798.48,Yes
CUST01130,Female,0,No,No,46,Yes,DSL,Month-to-month,Bank transfer,Yes,85.98,4187.67,No
CUST01131,Male,1,No,Yes,2,Yes,DSL,One year,Credit card,Yes,49.16,105.44,No
CUST01132,Female,0,No,Yes,18,Yes,No,Month-to-month,Credit card,Yes,28.06,554.98,No
CUST01133,Female,0,No,No,52,Yes,Fiber optic,Month-to-month,Credit card,No,18.0,881.94,No
CUST01134,Female,0,Yes,Yes,1,Yes,DSL,Month-to-month,Electronic check,Yes,73.96,8.7,No
CUST01135,Female,1,No,No,72,Yes,Fiber optic,Two year,Mailed check,No,80.35,5976.47,Yes
CUST01136,Male,0,Yes,No,29,Yes,DSL,Month-to-month,Credit card,Yes,38.91,936.72,No
CUST01137,Female,1,Yes,Yes,29,Yes,DSL,One year,Bank transfer,No,101.29,2965.27,No
CUST01138,Male,0,Yes,No,39,Yes,Fiber optic,Month-to-month,Mailed check,Yes,76.26,2852.99,Yes
CUST01139,Female,0,Yes,Yes,46,Yes,Fiber optic,Month-to-month,Mailed check,No,109.78,5009.38,No
CUST01140,Female,0,No,No,33,Yes,Fiber optic,Month-to-month,Electronic check,Yes,82.38,2654.73,Yes
CUST01141,Female,0,Yes,No,64,Yes,No,Month-to-month,Mailed check,No,42.14,2598.36,No
CUST01142,Male,0,Yes,No,70,Yes,DSL,Month-to-month,Mailed check,No,84.83,5941.64,No
CUST01143,Female,0,Yes,No,14,Yes,No,Two year,Mailed check,Yes,90.76,1013.84,No
CUST01144,Female,1,Yes,Yes,51,Yes,Fiber optic,Two year,Bank transfer,Yes,56.67,2858.62,No
CUST01145,Male,0,No,No,21,Yes,DSL,One year,Mailed check,Yes,31.62,654.99,No
CUST01146,Male,0,Yes,No,72,Yes,No,One year,Electronic check,Yes,74.81,5250.39,No
CUST01147,Female,0,No,No,18,Yes,DSL,Month-to-month,Credit card,Yes,43.98,942.96,No
CUST01148,Female,0,Yes,No,21,Yes,Fiber optic,One year,Mailed check,No,103.38,2111.53,No
CUST01149,Female,0,No,Yes,52,Yes,Fiber optic,Month-to-month,Mailed check,Yes,60.6,3127.45,No
CUST01150,Female,0,Yes,No,57,Yes,DSL,Two year,Bank transfer,Yes,120.29,6797.31,No
CUST01151,Male,0,Yes,No,9,No,No,Two year,Bank transfer,No,18.0,153.84,No
CUST01152,Female,0,Yes,No,40,Yes,DSL,Month-to-month,Bank transfer,Yes,75.77,3161.61,No
CUST01153,Male,1,No,No,25,Yes,No,Two year,Electronic check,Yes,112.02,3047.8,No
CUST01154,Female,0,No,No,44,Yes,DSL,Two year,Bank transfer,Yes,47.07,2145.64,No
CUST01155,Male,0,Yes,Yes,40,No,DSL,Month-to-month,Electronic check,Yes,67.54,2810.4,No
CUST01156,Female,0,No,No,71,No,Fiber optic,Two year,Credit card,Yes,60.71,4482.05,No
CUST01157,Male,0,No,No,68,Yes,No,Month-to-month,Mailed check,Yes,52.85,3618.69,No
CUST01158,Female,1,Yes,No,47,Yes,DSL,Month-to-month,Mailed check,Yes,78.85,3862.98,No
CUST01159,Male,1,Yes,No,49,Yes,No,Month-to-month,Mailed check,Yes,35.73,1830.01,No
CUST01160,Male,1,No,No,65,Yes,DSL,One year,Mailed check,Yes,68.89,4492.25,No
CUST01161,Female,0,No,No,13,Yes,Fiber optic,Month-to-month,Bank transfer,Yes,86.45,1158.88,No
CUST01162,Male,0,No,No,52,Yes,Fiber optic,Two year,Mailed check,Yes,65.98,3248.82,No
CUST01163,Female,0,Yes,No,56,Yes,DSL,Month-to-month,Electronic check,Yes,43.99,2492.65,No
CUST01164,Female,0,Yes,Yes,9,No,No,Month-to-month,Bank transfer,Yes,100.85,753.28,No
CUST01165,Female,0,Yes,No,64,Yes,Fiber optic,One year,Mailed check,Yes,92.45,5754.27,No
CUST01166,Male,0,Yes,No,51,No,Fiber optic,Month-to-month,Electronic check,Yes,42.85,2204.64,No
CUST01167,Male,1,No,No,25,Yes,Fiber optic,One year,Credit card,Yes,35.76,782.59,No
CUST01168,Male,0,Yes,No,35,Yes,Fiber optic,Month-to-month,Mailed check,No,45.35,1586.54,No
CUST01169,Female,0,Yes,No,35,Yes,Fiber optic,Two year,Bank transfer,Yes,87.27,3068.29,No
CUST01170,Female,0,Yes,No,67,Yes,No,One year,Electronic check,Yes,79.72,5359.54,No
CUST01171,Female,0,Yes,No,70,Yes,Fiber optic,Month-to-month,Mailed check,Yes,94.12,6497.99,No
CUST01172,Female,0,No,Yes,58,No,Fiber optic,Month-to-month,Mailed check,Yes,62.87,3736.33,No
CUST01173,Male,0,Yes,No,47,Yes,Fiber optic,Month-to-month,Electronic check,Yes,46.11,2158.25,Yes
CUST01174,Male,1,No,No,7,Yes,Fiber optic,Two year,Credit card,No,97.73,728.22,No
CUST01175,Male,0,Yes,No,66,Yes,Fiber optic,One year,Mailed check,Yes,56.5,3609.36,No
CUST01176,Male,0,Yes,No,9,Yes,Fiber optic,Month-to-month,Bank transfer,Yes,77.22,677.15,Yes
CUST01177,Male,0,Yes,No,12,Yes,Fiber optic,Month-to-month,Bank transfer,Yes,28.6,452.93,Yes
CUST01178,Male,0,No,Yes,5,Yes,Fiber optic,Two year,Mailed check,No,56.05,377.27,No
CUST01179,Male,0,Yes,No,69,Yes,No,Month-to-month,Bank transfer,Yes,100.26,6838.21,No
CUST01180,Male,0,Yes,Yes,36,Yes,No,One year,Bank transfer,Yes,51.94,1815.28,No
CUST01181,Female,0,No,No,17,Yes,No,One year,Electronic check,No,94.81,1512.9,No
CUST01182,Female,0,No,No,5,Yes,Fiber optic,Month-to-month,Bank transfer,Yes,18.0,24.36,No
CUST01183,Female,0,Yes,No,30,Yes,Fiber optic,Month-to-month,Electronic check,Yes,56.34,1550.29,No
CUST01184,Male,0,No,No,52,Yes,DSL,Month-to-month,Mailed check,No,67.2,3480.58,No
CUST01185,Male,0,No,No,72,Yes,Fiber optic,Month-to-month,Mailed check,No,120.79,,No
CUST01186,Male,1,Yes,No,40,Yes,DSL,Two year,Mailed check,No,39.27,1492.29,No
CUST01187,Male,0,No,No,44,Yes,DSL,One year,Electronic check,Yes,90.79,3985.7,No
CUST01188,Female,0,Yes,No,61,Yes,No,Two year,Bank transfer,Yes,101.59,6174.94,Yes
CUST01189,Female,1,Yes,No,65,Yes,No,Month-to-month,Mailed check,No,51.8,3472.51,No
CUST01190,Male,0,No,Yes,20,No,Fiber optic,Month-to-month,Electronic check,Yes,61.54,1169.64,Yes
CUST01191,Male,0,Yes,No,72,Yes,DSL,One year,Electronic check,No,75.97,5412.32,No
CUST01192,Male,0,No,No,37,Yes,Fiber optic,Month-to-month,Bank transfer,Yes,30.52,1044.64,Yes
CUST01193,Male,0,No,No,67,No,Fiber optic,Month-to-month,Bank transfer,No,59.26,3856.67,No
CUST01194,Female,0,Yes,Yes,8,Yes,Fiber optic,Month-to-month,Bank transfer,Yes,107.73,914.76,No
CUST01195,Female,1,Yes,Yes,7,Yes,No,One year,Bank transfer,Yes,86.63,592.9,Yes
CUST01196,Female,0,Yes,No,64,Yes,Fiber optic,One year,Credit card,Yes,67.61,4332.52,No
CUST01197,Female,0,No,No,49,Yes,DSL,Month-to-month,Credit card,Yes,75.17,3810.79,No
CUST01198,Female,0,Yes,No,12,Yes,DSL,Two year,Credit card,Yes,88.27,1192.45,Yes
CUST01199,Female,0,Yes,No,65,Yes,DSL,Month-to-month,Credit card,No,93.63,5921.33,No
CUST01200,Female,0,No,No,7,Yes,Fiber optic,Month-to-month,Credit card,Yes,56.42,459.72,Yes
